id,domain,status,purchase_price,renewal_price,attractiveness,demand,length,registrar,created_at,expires_at,status_verified_at
8db98fc2-0575-4bed-8960-86c5bf0772bb,electrocardiograph.space,available,,,high,high,18,,,,
848311d0-636c-4540-b050-39ca56acaabf,relied.space,available,0.98,32.48,medium,low,6,namecheap,,,20/09/2026 05:00
d51f6ef7-f447-4039-a075-8d9318909de5,informationization.space,available,,,high,high,18,,,,
ce039cdd-8ff6-48ab-b407-34abe0ce77f7,updatable.space,available,,,high,high,9,,,,
ebb4ff1f-3f30-4bc1-ac41-8e21a2b30eef,fastenings.space,available,,,medium,low,10,,,,
cd43a654-58b8-4ff3-bcb6-992e38a7d6dc,lustre.space,premium,81.25,325,high,high,6,namecheap,,,27/09/2026 05:33
885fd251-e392-47fc-903b-c74ed3e84820,sorters.space,available,,,high,low,7,,,,
a14d5faf-f307-4ed0-b938-e8e7f5afacea,silverweed.space,available,,,high,high,10,,,,
8a8773b7-1430-47e7-b40c-e599b3e3a01b,uncensored.space,premium,81.25,325,high,low,10,namecheap,,,12/09/2026 04:53
6c0920d2-92b3-4237-889b-871f9c0d31f0,panglossian.space,available,,,high,high,11,,,,
4e346291-caef-4152-9a4f-842091a9a1fe,soleless.space,available,0.98,32.48,medium,low,8,namecheap,,,10/09/2026 13:37
a61f2ed4-ffb2-476b-979c-a20d7445ef20,fresnel.space,premium,116,116,high,low,7,namesilo,,,21/09/2026 04:00
5af643d8-b839-4a6f-a5a0-17bc6546eec2,bikey.space,available,,,high,high,5,,,,
996225bf-a29e-40df-868f-db5b869ab6b2,seconded.space,available,0.98,32.48,medium,low,8,namecheap,,,20/09/2026 15:37
295e187b-34cb-4fa2-b687-5ab88f69ca15,unloads.space,available,,,medium,low,7,,,,
ec585193-ab69-443e-9b53-1a814db999af,moms.space,available,,,high,low,4,,,,
c7274bb4-1134-499f-83b2-4b3df0198b5f,lifting.space,premium,162.5,650,high,high,7,namecheap,,,27/09/2026 05:00
eb2e5f18-cdaa-46ff-949c-5145787322e2,brassboard.space,available,,,high,high,10,,,,
9430998b-b659-48ad-bd97-b263afc7dc02,profligate.space,available,4.99,39.99,medium,low,10,name.com,,,13/08/2026 20:24
b507bf00-6942-4274-8cbc-2337a249d001,singable.space,available,0.98,32.48,high,medium,8,namecheap,,,10/09/2026 08:19
29c0f5af-3ee5-44ae-84ce-1521cb89f062,pakistani.space,premium,812.5,3250,high,low,9,namecheap,,,04/09/2026 23:13
0f8a1af3-0a11-44ec-b7bd-79fc8771f6d6,kraft.space,premium,302.5,302.5,high,high,5,namesilo,,,27/09/2026 06:19
7a3a2f7c-54f8-40c0-bee7-5d1ff487e0d4,nanotube.space,available,,,high,medium,8,,,,
14b362e9-afec-403d-b739-fabe789fcc03,superstars.space,available,,,high,medium,10,,,,
a05f0272-fabb-4661-b2b0-60a0130d902d,lunt.space,premium,302.5,302.5,high,low,4,namesilo,,,18/09/2026 06:40
27ab31c9-2647-467d-8228-757db43d53f6,prongs.space,available,,,medium,low,6,,,,
d20b80dd-5bb1-4a17-87f3-d7f635cc0f5f,chocolatier.space,available,,,high,high,11,,,,
24c2a8f9-3e12-4d33-be5f-54cdeb5a2a31,fifths.space,available,,,high,low,6,,,,
d8fb12f0-5b57-437a-9ab7-a49c9906a2dc,gamers.space,premium,13800,13800,high,low,6,namesilo,,,20/09/2026 23:00
e68c4db3-6340-442b-87c4-79d4663afde5,madonnamania.space,available,,,medium,low,12,,,,
3750d6da-5963-4b5b-a9dc-1c6e60c98ffd,summery.space,premium,32.5,130,high,low,7,namecheap,,,11/09/2026 01:38
b30dcd35-f29e-45b6-aa16-df32e26d3950,mais.space,available,,,high,high,4,,,,
4c4c71fd-8767-4017-9c87-635ffb672046,wish.space,premium,3450,3450,high,low,4,namesilo,,,25/09/2026 13:40
4c0d9a43-2ad3-4d59-8f63-46d308182a25,desklamp.space,available,,,high,high,8,,,,
e6790e91-8371-4c79-b120-daa664b93339,telegraphing.space,available,,,high,high,12,,,,
9e5f2555-720c-4456-9c0e-e87c49a68d65,arteriovenous.space,available,,,medium,low,13,,,,
add9dcca-6289-4824-aadb-acdf8a233b16,dishware.space,available,,,high,medium,8,,,,
2ddad9c4-345e-4588-82cb-1368eeda4207,staverton.space,available,,,high,high,9,,,,
42514f8d-0733-4e16-8f28-04b6a32cb189,obliquity.space,available,0.98,32.48,high,low,9,namecheap,,,20/09/2026 18:47
2a8c54ac-254b-46bc-8866-a17f9b0b27e3,jimsonweed.space,available,,,high,low,11,,,,
55344594-5a3e-4af4-b394-372eba6dd94e,touch.space,premium,875,3500,high,low,5,namecheap,,,
2a2b0ef6-e932-423a-bfa5-ee9931ffb757,sightings.space,available,,,high,low,9,,,,
3585ee67-00e0-4897-813e-94f7843a2c18,detroit.space,premium,350,1400,high,low,7,namecheap,,,
639c9211-b152-4d7f-a9c0-41ba9590cfcd,xvii.space,premium,116,116,high,low,4,namesilo,,,21/09/2026 11:53
108afe82-6941-4bf7-96ff-d2782ce118c4,commercialise.space,available,,,high,high,13,,,,
bb41249b-14d1-4d65-90f9-0bf6349a4e32,gadolinium.space,premium,116,116,high,low,10,namesilo,,,20/09/2026 23:27
45ec0630-8899-4581-9557-a2cbef253fca,superfluous.space,available,,,high,high,11,,,,
8bb9c7de-d620-4264-a853-51f0352919cf,toodles.space,available,,,high,high,7,,,,
70f85691-6ee5-4626-8d0e-5bc609379355,needleworking.space,available,,,high,high,13,,,,
46c83a16-6b4b-49de-80f0-753e11b65f21,greyhounds.space,available,,,high,medium,10,,,,
97109223-40bd-4915-bcc9-a01145827ce2,ethernet.space,premium,640,640,high,high,8,namesilo,,,27/09/2026 05:38
f3ac1660-e7db-422c-a4ba-d187b5fb1c3e,sweats.space,available,,,high,high,6,,,,
625cb8a2-bade-4181-a68e-27ddbc34dbd0,underclass.space,available,0.98,32.48,high,low,10,namecheap,,,12/09/2026 07:22
60f82ba7-0333-45f4-9b56-64fdfcc3f700,lordships.space,available,,,high,low,9,,,,
f36d52fe-d37b-4457-8296-7986e3f2524a,fenestral.space,available,0.98,32.48,high,low,9,namecheap,,,18/08/2026 01:09
9661fa0b-205a-46cf-ad51-a02fbdec310b,ribsteak.space,available,,,high,high,8,,,,
04b48dbf-278c-4e7d-b016-d498d8a52d7c,tsang.space,available,,,high,medium,5,,,,
18443c8e-2532-443b-b479-43fb223ef7e7,classify.space,premium,3450,3450,high,low,8,namesilo,,,24/09/2026 15:20
adc31599-c0da-482f-b888-a67144f7156b,landless.space,available,0.98,32.48,high,low,8,namecheap,,,22/08/2026 19:24
e0e56efa-8df7-4031-8ec1-ea206f675a3d,shortcakes.space,available,,,medium,low,10,,,,
f177df20-1a8d-458b-b14f-ff508b4c0f80,rowans.space,available,,,high,medium,6,,,,
992de5e0-f59d-4c58-8e2b-a7c33c23969e,unblemished.space,available,,,high,high,11,,,,
6b0a744d-bb4c-40ac-9c8a-3903c7aa98d5,silat.space,available,,,high,low,5,,,,
84d44138-37ce-447d-9695-ee44a6c556c4,pervious.space,available,0.98,32.48,high,low,8,namecheap,,,08/09/2026 18:09
ce9b6c07-7ab7-47ac-8985-ebe49690390f,widsith.space,available,,,high,high,7,,,,
483d1324-fdb5-4bc1-bf98-fa640f5cd954,glasswashers.space,available,,,medium,low,12,,,,
2a07f569-550a-4f74-8fe9-8078101876da,boldly.space,available,0.98,32.48,high,low,6,namecheap,,,14/09/2026 00:53
9e5c66b7-bc19-41ba-90f0-e53e1676ce82,boundless.space,premium,1107,1107,high,medium,9,namesilo,,,27/09/2026 06:13
7fdd062e-fc4a-4281-8a77-9c8b269692bb,jamaican.space,premium,81.25,325,high,low,8,namecheap,,,22/08/2026 12:11
657aa4d4-03e9-4930-84dd-dc01be08c0e9,fiveleaf.space,available,,,high,high,9,,,,
d9205ffd-19d7-4871-bb87-64d7d0a82371,respected.space,premium,116,116,high,low,9,namesilo,,,27/09/2026 12:38
440cc02f-5a79-474f-b485-dbc6168ee1ec,valentine.space,premium,6900,6900,high,low,9,namesilo,,,26/09/2026 00:29
d5ac0449-8b6c-4f79-af7b-68d1987e3b25,boxholder.space,available,,,high,high,9,,,,
02c9c682-ba19-46e0-a846-47a86f2dbed3,bandgap.space,available,3.99,34.99,high,high,7,namesilo,,,27/09/2026 05:04
ce758b68-e7d7-4169-8cda-9ba79cd6f20f,residences.space,available,,,high,low,10,,,,
c67437df-986e-4607-b064-89f86ffb5ee9,models.space,premium,1625,6500,high,low,6,namecheap,,,27/09/2026 10:25
c2c1a2e2-abc0-48cd-9838-186a6960e080,midcingulate.space,available,,,high,low,12,,,,
0cdb4eee-628b-4092-8bd2-2eb941ce0051,takeout.space,premium,1107,1107,high,low,7,namesilo,,,19/09/2026 06:56
61db7cc8-42c2-4dc3-86f3-8c839a2a0b14,saudi.space,resell,,,high,low,5,"GoDaddy.com, LLC",13/05/2022 23:46,13/05/2027 23:59,26/09/2026 08:49
67a14938-1273-4747-8c73-34a8c425e301,coppenhall.space,available,,,high,high,10,,,,
ef7ac4ca-6d3e-4e34-a437-9765191c3790,conara.space,available,,,high,high,6,,,,
a95b9acc-94fa-4849-ad1e-8c6e31d948a9,footmen.space,available,,,medium,low,7,,,,
a7d86bc8-90ca-4b18-afb6-ce7770a5aeff,selfdriver.space,available,,,high,high,11,,,,
448479cf-c7f0-4f81-87cf-dbeff8eb3298,anatolian.space,premium,116,116,high,low,9,namesilo,,,19/09/2026 03:29
8dcfdf1f-2340-433c-979b-ea656773f902,groves.space,premium,87.5,350,high,low,6,namecheap,,,
0203a9e9-d3a8-4997-91e0-419f43a44865,islamism.space,available,,,high,high,8,,,,
9a1f7ed8-6394-4669-8a14-eafdedd3048f,sheepshead.space,premium,116,116,high,low,10,namesilo,,,20/09/2026 02:29
2505020a-937d-4cd9-8640-f7e101b74566,attitudinizing.space,available,,,high,high,14,,,,
459b16c0-0c5f-4c24-9904-30895dca8f64,riyal.space,available,,,high,high,5,,,,
c3417bd5-d82c-45cc-8f45-d54557e18e3f,raceday.space,available,,,high,high,7,,,,
cb8fcdee-3c82-4e32-8517-f5c551dca3c7,jacobian.space,available,,,high,high,8,,,,
e60cf71c-c201-4159-a9c9-f4f17653cd4b,gull.space,premium,81.25,325,high,low,4,namecheap,,,12/08/2026 15:08
a35452ee-a9f3-4cec-b7d9-b606be14290c,auchtertool.space,available,,,high,high,11,,,,
677bf18a-2e72-4f99-9663-986c7fd31520,jerking.space,available,,,high,low,7,,,,
df665a9e-d57c-48a2-a94e-d73269514106,totem.space,available,,,high,high,5,,,,
25070c9f-cd17-4624-a85a-7b2213fde7b2,missionaries.space,available,,,high,low,12,,,,
e0b6abfa-815e-425e-9343-14a6527397e6,krishna.space,available,,,high,high,7,,,,
443d8ff8-65a4-4449-9748-7d55762d7530,intrepidly.space,available,0.98,32.48,high,low,10,namecheap,,,14/09/2026 10:53
a5a8228e-8300-4c48-9d44-dc03a3fc5ce3,subscribed.space,premium,32.5,130,high,low,10,namecheap,,,11/09/2026 00:41
198129a8-9d2f-47dd-ae0b-ca79ed512eb8,mothlike.space,available,,,high,high,8,,,,
89f48859-eb80-4936-94cf-ddf82ec9589e,billiard.space,premium,162.5,650,high,low,8,namecheap,,,09/08/2026 21:25
59cf3c14-a4d1-4644-b7bf-b5267500ed72,olga.space,premium,162.5,650,medium,low,4,namecheap,,,27/09/2026 01:37
dc765ea4-0dd3-43dd-bd72-554c9c69bcb0,fansign.space,available,,,high,high,8,,,,
4bb45f87-8b19-4f2e-b92b-e293acab19e4,fledgling.space,available,0.98,32.48,high,low,9,namecheap,,,11/08/2026 14:45
9aa07490-2e2b-41c8-97b4-6e93befce3c1,birthgiver.space,available,,,high,high,10,,,,
a279fd77-5556-461f-ac16-22c441237e62,taleteller.space,premium,32.5,130,high,low,10,namecheap,,,11/09/2026 10:32
f0106f7d-bd1f-4c42-81d1-f71ffccccb55,downtime.space,premium,302.5,302.5,high,low,8,namesilo,,,24/09/2026 23:42
07204c5a-283d-4bbd-b3fc-4f762a3cfb24,steichen.space,available,,,high,high,8,,,,
117a41ff-9f02-4f38-be41-0aade6238a39,plateaued.space,available,,,medium,low,9,,,,
4bf70a89-e7e9-4ba0-bdab-45dc821f703f,freshness.space,premium,32.5,130,high,low,9,namecheap,,,24/09/2026 14:06
1b34dc51-b165-438e-a5d7-1553d9d89b53,confirmatory.space,available,,,high,high,12,,,,
0c850d6b-2ac9-43d0-af8a-a4e83bf933e4,possessions.space,available,,,high,high,11,,,,
06a4580c-5db7-42d8-aec6-9b06c01b4cdd,bonney.space,premium,302.5,302.5,high,low,6,namesilo,,,23/09/2026 16:28
946dbd1a-861b-4c96-9618-bba1c94d98f9,whose.space,premium,87.5,350,high,low,5,namecheap,,,
5a8ceae9-6b50-4feb-ae38-1dfd823caf44,doric.space,premium,32.5,130,high,low,5,namecheap,,,14/08/2026 16:13
2956d098-dc47-4a85-8a6b-eef938b168e9,crack.space,premium,325,1300,high,low,5,namecheap,,,
39c60ba9-b7cc-47eb-91b9-1db2c257ae6f,tentatively.space,available,,,high,high,11,,,,
49ce2fdb-8519-440f-ae22-a8ec2b22cc62,dancercise.space,available,,,high,high,10,,,,
31f26125-62dc-40e1-b85b-3e6d2349cea2,bunnies.space,available,,,high,medium,7,,,,
94a00273-2888-4b30-baa0-183348f91a8b,teacup.space,available,,,high,high,6,,,,
963f35cf-4670-48c6-94db-481906542fe3,roadhead.space,available,,,high,high,9,,,,
ea338a6c-c315-4d7b-9ee2-a560ad42f054,consecutive.space,available,,,high,high,11,,,,
925d012c-4319-4843-858d-b6811e4acd41,togged.space,available,0.98,32.48,medium,low,6,namecheap,,,11/09/2026 16:44
dd7b4404-5eb6-4cfb-a7d4-abaf13c9cf10,houseclean.space,available,,,high,high,10,,,,
38def8cd-be47-40b9-bbdb-05bef85b73fe,diffused.space,available,0.98,32.48,high,low,8,namecheap,,,14/08/2026 07:08
2171d559-2047-4415-9d47-14a272f02b77,bridle.space,premium,81.25,325,high,high,6,namecheap,,,27/09/2026 05:42
ad0a5e08-1672-4702-bc88-a9dd996ae7d6,doffed.space,available,,,medium,low,6,,,,
c8972195-475a-4642-af04-5234f9eddd31,selfdeprecating.space,available,,,high,high,16,,,,
356713f1-ccd5-4bd3-b6be-e1732fb3b2a6,irksome.space,available,0.98,32.48,medium,low,7,namecheap,,,10/08/2026 20:01
ed455c28-d702-4ecf-bc34-642a9f76ff89,deodorise.space,available,,,high,high,9,,,,
4ad5805c-e457-445a-8cca-3847d67c4bd9,chillaxing.space,available,,,high,high,10,,,,
78212119-95b4-4286-9907-cf9b9013348b,bermudian.space,premium,32.5,130,high,low,9,namecheap,,,09/08/2026 15:15
dc9eb25f-d82b-496b-9195-2b4601ed9b4b,hectometer.space,available,,,high,high,10,,,,
609eebea-6835-4bf1-aa00-e570d0132d98,cyberjournalism.space,available,,,high,low,15,,,,
14810f26-ba27-4801-aa52-4db8ab4661b6,jolene.space,available,,,high,high,6,,,,
b5c43e78-b9a9-46c6-876a-6d7b088a0b4e,ubiquitous.space,resell,,,high,low,10,West263 International Limited,24/06/2026 22:34,24/06/2027 22:34,26/09/2026 09:49
c8cd1b9a-6313-42a5-ba27-d02d2aeb3f6d,gip.space,premium,162.5,650,high,low,3,namecheap,,,14/09/2026 08:07
c5969dbc-d6ac-4854-b1ce-88938ab78401,whinnying.space,available,,,high,high,9,,,,
99375dcc-e0bc-489f-bee4-b5b4c542d49e,mitchum.space,available,,,high,high,7,,,,
81840d1e-0a93-48be-8729-f10766c7738d,podcastable.space,available,,,high,high,11,,,,
17f4ca56-f709-46fc-9e81-890add202272,obligatory.space,available,0.98,32.48,high,low,10,namecheap,,,03/09/2026 23:42
bdf36240-0919-4c77-b775-cb6f1de54cb7,statin.space,available,,,high,high,6,,,,
d5836b7a-b8ef-4bc1-b916-239ee6cd3e5c,bolster.space,premium,87.5,350,high,low,7,namecheap,,,
03b106b7-80b2-41c5-bfd0-a9bcb0ea1712,roaster.space,available,,,high,high,7,,,,
02bbfda3-0abb-46db-b497-e31b16ec5e39,wetumpka.space,available,,,high,high,8,,,,
7b025c21-858c-42cc-8172-b9245c2b7b0b,candlelit.space,available,,,high,low,9,,,,
28f610f7-a9ca-42ba-9bed-378afc544482,achaean.space,available,0.98,32.48,high,low,7,namecheap,,,
b6f111a3-9cd4-4172-b2cc-4e7270193b23,painted.space,premium,1107,1107,high,low,7,namesilo,,,25/09/2026 23:19
2bc6f38c-d9e4-4a8d-800f-ff13909c2165,tacitly.space,premium,116,116,high,low,7,namesilo,,,16/09/2026 07:43
5ba90568-c7c1-423f-8509-e9803b1b39aa,rebellion.space,premium,87.5,350,high,low,9,namecheap,,,
6c3ba321-ee24-4fec-a614-9a7bfe86c255,proficiently.space,available,,,high,high,12,,,,
0cffcd24-0f43-4475-8400-fbadbf98c66b,mueller.space,premium,302.5,302.5,high,low,7,namesilo,,,26/09/2026 03:22
f60f6bb0-929a-4894-b20e-68730852bbe0,bears.space,premium,350,1400,high,low,5,namecheap,,,
f7debeec-c1c5-4eae-9a40-c6732c050122,teragram.space,available,,,high,high,8,,,,
bf668b7a-78fe-4301-856c-62bdd75c2f71,ophthalmologist.space,available,,,high,high,15,,,,
7729af4a-8513-4a7d-ae1e-06a6f051bc0e,selling.space,premium,13800,13800,high,low,7,namesilo,,,25/09/2026 09:15
6889b8e4-2011-4c77-8714-983fa9c98fb5,brodie.space,available,,,high,high,6,,,,
cb9b38c3-fb8e-419d-a879-5701009a905f,overwell.space,available,,,high,high,9,,,,
c38217ee-8250-4151-b72f-c4ff1b7c27f8,generalship.space,available,,,high,high,11,,,,
9de4fd1f-5f10-44f5-97f7-a203e9400c72,wished.space,available,0.98,32.48,high,low,6,namecheap,,,17/09/2026 18:39
b09c7054-5c72-4226-8e38-f3c615740504,basely.space,premium,32.5,130,high,low,6,namecheap,,,13/09/2026 23:35
00cc9ed6-7af1-4d32-bd20-bb5ff3835494,bulgarianness.space,available,,,high,high,13,,,,
1b3c2ec0-aaaa-4a83-beba-1fc512f2f65e,ecumenical.space,available,0.98,32.48,high,low,10,namecheap,,,15/08/2026 04:38
7f66c777-191f-4e64-9a02-6234cfd43494,boomlet.space,available,,,high,high,7,,,,
fc49e05d-e97b-4786-94f1-174f2f44ff8f,slipping.space,premium,32.5,130,high,low,8,namecheap,,,10/09/2026 11:05
85c4a048-8af3-4ba3-b436-3daa8025d09b,commentator.space,available,,,high,high,11,,,,
14863fea-2554-4289-95ed-98e1e7f379b9,scallops.space,available,0.98,32.48,medium,low,8,namecheap,,,19/09/2026 23:48
9080a083-8ed2-4b34-98d9-6dc3b9a1fca4,cathy.space,premium,302.5,302.5,high,low,5,namesilo,,,17/09/2026 16:36
0f4c0220-3cd5-4791-a51e-a15d4b40be03,topics.space,available,,,high,medium,6,,,,
ae8a2111-232a-4f45-99ff-4119b38274a1,relies.space,available,3.99,34.99,medium,low,6,namesilo,,,20/09/2026 06:27
7566f6c7-31e6-4007-8e46-51d50a7ececd,nourishing.space,premium,162.5,650,high,low,10,namecheap,,,19/09/2026 17:50
c7121b7c-6d7d-4f41-a4df-b2cc6075d009,puckers.space,available,,,high,low,7,,,,
5573fc61-6bba-4f15-9e35-78f13f7172e0,salient.space,premium,162.5,650,high,low,7,namecheap,,,09/09/2026 03:09
0af2c16a-c1c4-45aa-b0fa-15ade110deca,paris.space,premium,3250,13000,high,low,5,namecheap,,,24/09/2026 12:17
36ab5af3-b91c-4656-b131-f7c0606e762a,letterspacing.space,available,3.99,34.99,high,high,13,namesilo,,,
0a01bab0-273b-4e00-9034-19528e332128,flirt.space,premium,812.5,3250,high,low,5,namecheap,,,24/09/2026 18:13
ae345260-a199-42dc-a7c4-4dd22470bdf5,saccate.space,available,,,high,high,7,,,,
02272346-b023-41cf-a695-5a33b9cb50c3,peppernut.space,available,,,high,high,10,,,,
b089960f-8a19-4017-b981-aee8154f2cce,leaseback.space,available,,,high,high,9,,,,
ad42f3fc-2b3a-423d-96fd-16cef37ab239,fortiethly.space,available,,,high,high,10,,,,
d56a6000-7f31-4e6a-b679-75eff35c0bab,apostate.space,premium,32.5,130,high,low,8,namecheap,,,06/08/2026 03:35
8bea00ec-c052-4340-9a52-4751405194bb,houselights.space,available,,,high,high,12,,,,
99a57a7a-5bee-4d64-a80b-70d4afd1308b,skillfully.space,premium,32.5,130,high,low,10,namecheap,,,16/09/2026 02:07
af97582e-d592-4d62-8a9e-bb8241c30aae,firefight.space,available,,,high,high,10,,,,
2c8866b0-836c-4c75-83f2-e517ac7ca0e5,nazarene.space,premium,81.25,325,high,low,8,namecheap,,,14/08/2026 23:06
0d9bde56-44eb-46ee-a868-617bc41d1092,stupefied.space,available,4.99,39.99,medium,low,9,name.com,,,13/08/2026 18:55
30fc1067-5fb2-40ad-b4d2-43bf59a9b004,saucepan.space,premium,35,140,high,low,8,namecheap,,,
743b85dd-18e6-4824-b01c-8af6e137c809,mcdonald.space,premium,350,1400,high,low,8,namecheap,,,
ebc53e4e-566f-404a-b914-87ac522d8391,peleton.space,available,,,high,high,7,,,,
46a5176d-27d5-47c1-83de-ae87e6871c26,offprint.space,premium,32.5,130,high,low,8,namecheap,,,10/09/2026 03:57
83d61d76-1a30-473d-acd1-9bf6da5499d2,moneywards.space,available,,,high,high,10,,,,
26f9c6f9-30ab-4969-b290-2df2c7d92ba1,bachelor.space,premium,875,3500,high,low,8,namecheap,,,
f7ac07e8-dba1-4066-b38b-a72cab70a262,textures.space,premium,32.5,130,medium,low,8,namecheap,,,20/09/2026 19:34
81960000-5307-40fc-bdd0-88d0f62ab1fb,salmonlike.space,available,,,high,high,10,,,,
49be8dc9-041b-4e31-a878-02c11d41459e,readmission.space,available,,,high,high,11,,,,
6b0dc929-a081-40d3-bb29-8a398cb0b6bc,bravo.space,premium,350,1400,high,medium,5,namecheap,,,
8792b7f5-2b1b-412f-9b41-a9ca3e1c6abb,centroiding.space,available,,,high,low,11,,,,
9303f6d6-f2a8-43be-9797-8bbad06dc519,harvester.space,available,,,high,high,9,,,,
992eb08e-c1bf-4a39-9264-fcc33beb7c53,marilyn.space,premium,640,640,high,low,7,namesilo,,,27/09/2026 06:57
e1cb9c1e-9270-4b29-9a57-44a7ac84fa09,richy.space,available,,,high,high,5,,,,
c249866a-26a2-4962-baa6-db2ad3e2abbd,earmark.space,premium,32.5,130,high,low,7,namecheap,,,06/08/2026 09:08
eb72e0f5-7e39-4436-8414-6eb2829f5655,purebred.space,premium,32.5,130,high,medium,8,namecheap,,,09/09/2026 06:16
7f905dbc-8177-4059-84cd-90eb3ce86bbf,byu.space,available,,,high,high,3,,,,
64f935e6-f464-4302-914e-7cc4ac9ab32f,workmanlike.space,available,,,high,high,11,,,,
acaadc8c-bd5f-448d-bd79-1c09e64abc8f,supercity.space,available,,,high,high,9,,,,
433fca40-3122-4b15-b597-40cecb047944,filmmaking.space,available,,,high,low,10,,,,
faf45921-fe81-432f-bf4e-70b7589983cb,assailant.space,available,3.99,34.99,high,low,9,namesilo,,,17/09/2026 17:42
678ad3ee-e0a3-43e2-b094-232130273202,omnivores.space,available,,,high,low,9,,,,
c33fad24-7ccd-4118-be94-f478132b4240,mealtime.space,available,,,high,high,8,,,,
4f399950-1bbd-4915-a92c-52aa6057996f,cyberconsumption.space,available,,,high,high,16,,,,
0e65a4aa-960d-4cf2-9415-71aece90687b,stylebook.space,available,,,high,high,9,,,,
1e8bf2e5-9a45-4d84-ae19-ee26d4535735,centrioles.space,available,,,medium,low,10,,,,
e9ec9085-91c4-4706-8754-8fddc45bef7c,reagency.space,available,,,high,low,8,,,,
b20a7af1-f260-4f6a-8c11-b64a12a4a99f,regimen.space,available,,,high,high,7,,,,
592428b6-6d75-43fe-bdd6-024b6a0aea66,accountability.space,resell,,,high,low,14,Porkbun LLC,27/01/2026 20:46,27/01/2027 23:59,26/09/2026 01:20
fbb8d766-78b9-4e24-8c95-6e4498c09c1a,nonjudgmental.space,available,,,high,high,13,,,,
bdf1ed41-c2e5-4d54-b370-181789b4ddf1,fulfilled.space,premium,32.5,130,high,low,9,namecheap,,,18/08/2026 17:51
b7b59427-da08-4230-ac4b-59e637176712,banditry.space,premium,116,116,high,low,8,namesilo,,,22/09/2026 01:24
6efe8561-b265-4f4c-b6b6-228fc6d9c018,upbuild.space,premium,116,116,high,high,7,namesilo,,,27/09/2026 05:13
69597140-6c33-4d57-8c5e-fab3f7cc68d8,unscrewed.space,available,,,high,low,9,,,,
6016d767-1fba-4c4a-8aea-f9850f7d1107,nebulously.space,available,0.98,32.48,medium,low,10,namecheap,,,15/09/2026 16:18
83638d82-7977-47ea-9d72-eb6e5b2ae7a0,unchangeable.space,available,,,high,high,12,,,,
247da907-520e-40b3-8905-79021e52db21,caracole.space,available,,,high,high,8,,,,
97b1c96f-0175-49fd-86b8-7812ca78037b,firelight.space,available,,,high,high,9,,,,
98c7e32a-63cb-40ba-a38e-de3814299f73,crabmeat.space,available,,,high,high,8,,,,
47c29c10-b8e9-42a0-89ac-ed9448bb993e,unspent.space,available,,,high,low,7,,,,17/09/2026 17:51
0fb6f71e-f5ba-46ae-a004-a5aab39c0a1e,grangegate.space,available,,,high,high,10,,,,
eb004065-dd57-408f-9d9a-b0ca2ec3eee3,frederick.space,available,,,high,high,9,,,,
33278eb5-356a-40cb-8cdc-b05434a3d142,leasehold.space,available,,,high,high,9,,,,
6d87344f-2556-42ff-9468-538b5c4afb03,starnes.space,available,,,high,high,7,,,,
f73ed449-5f8f-4648-a92c-90694956c95c,zillionth.space,available,,,high,high,9,,,,
5d13367e-1729-46e0-9b8c-39984e107222,stormtroopers.space,available,,,medium,low,13,,,,
e61aa4cb-ff04-40c6-a425-c983bf74d4a2,topsoil.space,available,,,high,high,7,,,,
500c71df-3bd5-4306-b335-b35d7b2f62b8,cacophony.space,premium,32.5,130,high,low,9,namecheap,,,10/08/2026 13:13
12072817-090f-4b96-b6fa-b76f0dbb423f,disappointment.space,premium,35,140,medium,low,14,namecheap,,,
aae5b039-9486-4686-b7a0-c31e804f1de5,cmir.space,available,,,high,high,4,,,,
e9b60cfa-aeb3-434f-b2e4-c8ec148e4a9c,flagging.space,premium,32.5,130,high,low,8,namecheap,,,14/08/2026 19:41
9260024f-0f45-49af-b350-4119246894c2,luella.space,available,,,high,high,6,,,,
160fbb2b-d573-4ed0-b55a-4fc47de7c7f4,roselyn.space,available,,,high,high,7,,,,
2fc7dee4-d9c5-48c4-b24e-218b0c127986,madan.space,available,,,high,high,5,,,,
2bb600b7-3d3a-41f5-8b97-3f49826e1477,woodedly.space,available,,,high,high,8,,,,
6adf5898-eef9-4d9e-be75-ef625f202100,funders.space,available,,,high,low,7,,,,
a1fc733c-0445-42c3-8d7d-a9cabd51631b,clotheswoman.space,available,,,high,high,12,,,,
defe6b3f-ccf9-4c63-9d99-30806a0175ba,minyan.space,available,,,high,high,6,,,,
5aa37482-dcef-45b9-87fc-8d3b853dcded,aleve.space,available,0.98,32.48,high,low,5,namecheap,,,17/09/2026 15:07
7502b982-1fb7-4080-8b1d-5ad2f4dca296,eastbound.space,premium,32.5,130,high,low,9,namecheap,,,14/08/2026 22:50
5e5637bc-3913-4f10-bdb3-6ab69548c67b,iodide.space,available,,,high,high,6,,,,
642d6754-8eec-45c7-8528-ff52065a6413,atsb.space,available,,,high,high,4,,,,
aa9190fd-179a-44d9-8954-993a5ad804cb,negotiable.space,premium,32.5,130,high,low,10,namecheap,,,07/08/2026 06:30
2e04d9f4-50ce-4e8f-95c1-f9333ada0136,flash.space,premium,812.5,3250,high,medium,5,namecheap,,,24/09/2026 19:22
307e7c2e-4445-48b5-80f3-2390f3808146,brutal.space,premium,162.5,650,high,low,6,namecheap,,,08/08/2026 15:45
a91c5f5f-f3d4-46d5-8d1e-f24cde38d831,duckpin.space,available,,,high,high,7,,,,
30c6c516-5036-4fcb-b0fb-901f62e4dc72,sureties.space,available,,,medium,low,8,,,,
834923f4-0edd-4cec-8f79-ef67f69ae9ad,condela.space,available,,,high,high,7,,,,
2dfd337e-1e06-4907-9fd9-f82e5efa61b9,supercommon.space,available,,,high,medium,11,,,,
b9ebf684-b774-423b-a2ba-6ed7c18b01aa,modality.space,available,,,high,high,8,,,,
3835ec5d-8deb-4ada-ab85-ac637d2f6de1,quesadilla.space,available,,,high,high,10,,,,
cf258f5c-a54f-4413-9c94-d078e6f712f9,bordering.space,available,,,high,high,9,,,,
70027354-cbc1-442b-ad1d-10778a63ee18,spellbound.space,premium,32.5,130,high,low,10,namecheap,,,17/08/2026 22:54
5dd60ef2-b236-4122-a241-92e789f9c007,homemaker.space,available,,,high,high,9,,,,
e7fe4851-5090-4048-a058-98d2f0837974,noncom.space,available,,,high,high,6,,,,
47057ee3-46f4-4bb7-9748-bdbbe760db68,adoration.space,premium,116,116,high,low,9,namesilo,,,17/09/2026 09:44
fa5d345b-0133-43c9-b4a4-98d612b0b7f8,midwave.space,available,,,high,low,7,,,,
72efd7e4-2c46-4453-b9b1-5c1e4a4987e4,milkshake.space,premium,640,640,high,high,9,namesilo,,,27/09/2026 05:33
2467c991-8545-4899-8adb-12901d54a981,restrictive.space,available,,,high,high,11,,,,
5117b2f1-b10f-41e8-acd5-2421099dca91,importantly.space,available,3.99,34.99,high,low,11,namesilo,,,
07dfc56b-e74c-418b-a349-33932e61ec00,updated.space,premium,640,640,high,low,7,namesilo,,,18/09/2026 06:09
8276e744-1611-448f-941d-4bc14e233462,maneuver.space,available,,,high,high,8,,,,
f5c6e15e-689b-4442-a69c-9f4af78db413,costa.space,premium,640,640,high,high,5,namesilo,,,27/09/2026 05:39
b63af6fb-87da-46b2-91d1-05bf5bb7fb17,sylph.space,premium,116,116,high,high,5,namesilo,,,27/09/2026 05:57
6b15ea99-a5e6-452d-9b2c-68d0ba5fbde3,dlr.space,available,,,high,high,3,,,,
769db6e6-04ef-4314-8c7e-0ce22b446630,doneness.space,available,,,high,high,8,,,,
e8750d86-34da-4ca0-8852-ba80f24907d8,dioecious.space,available,0.98,32.48,high,low,9,namecheap,,,14/08/2026 08:20
1d7a60c2-b722-48c3-948d-bb2c3b4d45ea,unsinkable.space,premium,32.5,130,high,low,10,namecheap,,,12/09/2026 19:58
ea59781a-b852-4fd0-a76b-fe503c2ea59c,scintillate.space,available,,,high,high,11,,,,
67b845cc-ac51-479d-a72a-8cd879352219,superseding.space,available,,,high,high,11,,,,
f91ef25b-55f5-4356-83eb-ad3b2b377b65,professor.space,premium,325,1300,high,low,9,namecheap,,,
f4c8eaaa-ae0b-4056-b8d2-a42150c75839,players.space,premium,1750,7000,high,low,7,namecheap,,,
d4d8ec27-d838-4404-a89c-416a3eb42d15,coated.space,premium,32.5,130,high,low,6,namecheap,,,12/08/2026 14:14
b7f6c7f0-56eb-45d2-a008-dbd1ae6ad2c4,polyseme.space,available,,,high,high,8,,,,
89d15f82-a02e-47ed-88ed-b3cd836e8910,washrooms.space,available,,,medium,low,9,,,,
b8237bac-01da-4b76-8bf5-8e53fc8007b9,lorded.space,available,,,medium,low,6,,,,
ca9064ad-fc42-4760-8a54-2474a2892a26,poise.space,premium,325,1300,high,low,5,namecheap,,,19/09/2026 17:50
cd1cb3a9-a644-421b-b7a4-bca9ec769013,soundness.space,available,,,high,high,9,,,,
5a05dbde-f261-4741-97cb-bee261774600,francia.space,available,,,high,high,7,,,,
6353d7e2-46f0-47d7-a31d-ac72e9558166,bellylaugh.space,available,,,high,high,10,,,,
891de484-2ea2-4396-a17b-305727959c94,holeyness.space,available,,,high,low,9,,,,
8bcc6ae5-edf4-4577-af07-df3acc82ebd2,springtide.space,available,,,high,high,10,,,,
2df05dfb-1392-4b3e-aef0-7ebf2edb61b4,crushing.space,available,0.98,32.48,high,low,8,namecheap,,,13/08/2026 09:13
1482fa7d-5897-4b3a-b9ac-c0bd7301b2b2,contortionists.space,available,,,medium,low,14,,,,
2a055056-cd30-4dc6-8773-8d4d431e5e40,canola.space,premium,116,116,high,low,6,namesilo,,,24/09/2026 12:06
70ac0ae4-a3f3-4a9e-a8d2-b5b1180e7f1b,rhinoceros.space,available,,,high,high,10,,,,
0d4d0b05-d619-47e1-94c8-5b2b5c5f0e13,interlingua.space,available,,,high,high,11,,,,
72c92738-a533-4913-b428-7fb62ba1c51d,scarlett.space,premium,87.5,350,high,low,8,namecheap,,,
1b71594a-6596-4c9c-8f82-603c8d961bf2,forgets.space,available,,,high,low,7,,,,
f22296fd-8d9c-40b2-9129-7f2b50d99f3d,cubits.space,available,,,high,medium,6,,,,
1ba696de-36ab-4b26-b02c-2c1422a21ae6,skirt.space,premium,87.5,350,high,low,5,namecheap,,,
3b08f92c-fc81-465d-9a8b-9e4e1f4e4d7c,descriptions.space,available,3.99,34.99,high,low,12,namesilo,,,21/09/2026 07:06
ed7fea6d-c9bd-46a5-86e7-2f7049940a05,essentialist.space,available,,,high,high,12,,,,
3fb672cf-4759-4f64-a1b9-833a9d53e5a3,georgette.space,available,,,high,high,9,,,,
2e438716-e5be-40c4-ae80-8a859b9bf861,shepherd.space,available,,,high,high,8,,,,
f28a1e2c-235a-44bf-b299-f1046c76b8bc,whixall.space,available,,,high,high,7,,,,
2e8054f3-e052-4c46-9f9e-49da2b778230,fireman.space,available,,,high,high,7,,,,
e2c7d292-c12a-4da6-81cf-03a4e5375e8c,odds.space,premium,640,640,high,low,4,namesilo,,,23/09/2026 11:46
ed8ebc49-d959-4f5e-9b62-ae5846f8bc6b,broadloom.space,available,0.98,32.48,high,low,9,namecheap,,,11/08/2026 04:59
7d5af4b4-b10e-41e1-9bd9-f3a11dcd4166,fixing.space,premium,116,116,high,low,6,namesilo,,,18/09/2026 14:47
6528ccb5-5270-4c54-b8bb-bbf5fad20d7b,cured.space,premium,32.5,130,high,low,5,namecheap,,,13/08/2026 01:35
b7dd729e-113c-4b4f-bf72-4a4ad04484ad,tongan.space,premium,32.5,130,high,low,6,namecheap,,,11/09/2026 17:06
574eeca4-f005-4a67-9618-16b8d2d02888,administering.space,available,,,high,medium,13,,,,
ec9ecbf6-d57c-49bd-b0fd-9a459a569376,egm.space,available,,,high,high,3,,,,
c550e54d-f7cc-4a7f-a418-4cc7371a8a9f,legibly.space,available,0.98,32.48,high,low,7,namecheap,,,14/09/2026 11:06
b674c320-866f-45b8-b9d4-f0be4d221abe,diocese.space,premium,116,116,high,low,7,namesilo,,,23/09/2026 21:58
16f64167-a15c-493a-bbb7-c247002c1cda,judicatory.space,available,,,high,high,10,,,,
294bf9f3-2dc5-4ce0-b726-41f83efd2c00,gowerton.space,available,,,high,high,8,,,,
d6e607f3-f7b5-4f2e-bc6d-cbedb1a052a5,antigram.space,premium,32.5,130,medium,low,8,namecheap,,,19/09/2026 14:31
f6a61e87-c882-4df4-86a1-1fe58e5e5f84,keyboarders.space,available,,,medium,low,11,,,,
87df3e5f-17d2-4147-9d42-9d7a7cd4c765,expletives.space,available,,,medium,low,10,,,,
3dec0644-06e6-4f3d-876e-e92c3032553c,novoolkhovka.space,available,,,high,high,12,,,,
aa56700b-5d29-4849-bc2f-a9822bc84859,hardscape.space,available,,,high,high,9,,,,
bfc97c0b-9a96-48c3-824d-c92e317fed08,reindeer.space,available,,,high,high,8,,,,
f40347b9-9185-43b8-89e3-5b4360661928,crackerbread.space,available,,,medium,low,13,,,,
e9dd01cb-7107-4e7e-a9c5-d581eb753049,informations.space,available,,,high,low,12,,,,
e7bc38f9-3fc7-4823-828f-be991fe684be,cootamundra.space,available,,,high,high,11,,,,
d12eb138-ba52-4418-af80-5232d811d7ae,eaccount.space,available,,,high,high,9,,,,
146876a7-652c-44b5-8272-6c7c271a2dcf,sunstruck.space,available,0.98,32.48,medium,low,9,namecheap,,,11/09/2026 02:01
d4838f51-ceec-4d6d-9ffe-77ef5c0879cb,tog.space,premium,81.25,325,high,low,3,namecheap,,,19/09/2026 20:00
23d6d47f-0f23-419c-88cd-e768cf95d3bd,newswoman.space,available,,,high,high,9,,,,
ae8fde67-5917-46a3-9a64-f9508e7da694,capitalised.space,available,,,medium,low,11,,,,
5441983d-b64a-43e7-b00f-0934dc1d13d2,secured.space,premium,1750,7000,high,low,7,namecheap,,,
14ddfa3c-f349-477a-9a08-8fdb760bc511,abdication.space,premium,116,116,high,low,10,namesilo,,,16/09/2026 14:43
353f3de2-6b82-45c8-8e6e-5237bd151c7f,upsala.space,available,,,high,high,6,,,,
43684692-1b5c-4307-b1e3-c645e3c644b3,fabby.space,available,,,high,medium,5,,,,
3d6447f2-f931-4d56-967b-68539d3f65bd,overblown.space,available,0.98,32.48,high,low,9,namecheap,,,04/09/2026 20:19
d562c904-563f-4fcb-826c-28d728725ca9,dialoguing.space,available,,,medium,low,10,,,,
4a0ac86e-730b-4e90-b126-5d21cf5ee181,lamely.space,available,0.98,32.48,medium,low,6,namecheap,,,15/09/2026 10:37
b21d20dc-3c55-402d-bd45-6f72381576b4,allium.space,premium,302.5,302.5,high,low,6,namesilo,,,18/09/2026 11:13
15e98dc3-df69-4ba6-94ed-c0dd2a13417c,streamer.space,premium,81.25,325,high,low,8,namecheap,,,08/08/2026 13:57
6acdb6c6-35b2-4eaf-81df-09bf39cbdf5d,richly.space,premium,32.5,130,high,low,6,namecheap,,,13/09/2026 19:38
4a0119e1-a94e-455b-b959-a4fd5b9be814,inkblot.space,available,,,high,high,7,,,,
74aede6f-e986-46b5-8246-3802996f8370,frozen.space,premium,325,1300,high,low,6,namecheap,,,24/09/2026 19:29
2c6febf6-3082-449b-8970-aa54c9c98af3,commercially.space,premium,35,140,high,low,12,namecheap,,,
4b425530-69b6-4799-8000-1682ed5fb097,cooling.space,premium,325,1300,high,low,7,namecheap,,,12/08/2026 05:28
5eb2b1ee-f006-4a03-b634-1fbbd4651172,francesca.space,premium,87.5,350,high,low,9,namecheap,,,
1fea2f77-2dca-4240-880e-b937efcd4434,pleased.space,premium,32.5,130,high,low,7,namecheap,,,27/09/2026 04:08
3a27f3e0-ef91-4e3c-a833-6688e3079840,glaswegian.space,available,0.98,32.48,high,low,10,namecheap,,,20/08/2026 14:14
b6d969f0-7d32-4a50-8128-3cf3985b89b6,agatha.space,available,,,high,high,6,,,,
39c4efec-df57-47df-b8a8-af727745600b,helvetica.space,available,,,high,high,9,,,,
2ca10a81-c10f-4eeb-9582-d90a5dd37db0,sewing.space,available,,,high,high,6,,,,
b17d7a89-25bd-4110-89ea-4ba0594ca578,constitute.space,premium,116,116,high,high,10,namesilo,,,27/09/2026 06:21
b6987f03-e3bb-4fcb-976c-dd45e3121a2f,xenon.space,premium,1107,1107,high,low,5,namesilo,,,20/09/2026 23:13
ff2730f7-0135-4951-86d5-fed6050dcd59,curiosities.space,available,,,high,low,11,,,,
803ee152-2869-4b50-9fbd-9f3e463e9a61,sails.space,available,,,high,medium,5,,,,
7ea48f46-1476-4103-bfca-5659d7acee71,hirohito.space,available,,,high,high,8,,,,
68f51911-2066-4bfe-970d-e6a07f89db75,packaging.space,premium,3450,3450,high,high,9,namesilo,,,27/09/2026 05:59
d5b2c76c-77f4-4941-91ea-0fe54f58ecb3,ankh.space,available,,,high,high,4,,,,
39642950-7ac0-4179-baa0-343962df44cb,banked.space,available,3.99,34.99,high,low,6,namesilo,,,
22c6b260-c5a2-44f3-b180-78ac94dffbf2,hanger.space,premium,175,700,high,low,6,namecheap,,,
a98f0cad-1b86-4838-b794-8c8e7afbc8e0,repellant.space,available,0.98,32.48,medium,low,9,namecheap,,,14/08/2026 10:41
4a1f653b-df72-4de9-ab36-86248a33dde4,dependence.space,premium,116,116,high,low,10,namesilo,,,17/09/2026 06:54
318ea80c-5f06-403e-9566-c251446fdad4,recently.space,premium,35,140,high,low,8,namecheap,,,
94a3b8fe-4c4e-42b5-9ed8-24c71c1c1223,statistician.space,available,,,high,high,12,,,,
6d4a9061-8fcf-4255-88dc-0b0cf4126d42,wikiversity.space,available,,,high,high,11,,,,
91146755-ec38-4135-a0af-f25ef4e8bdb7,swells.space,available,,,high,medium,6,,,,
6cbf9379-8b2f-4bc3-9069-2311f194e9c2,reattachment.space,available,,,high,high,12,,,,
bc5946c0-c75c-47eb-bc61-c9083ea02d52,effect.space,premium,350,1400,high,low,6,namecheap,,,
397384da-66f8-4375-89dd-22da75e12b4e,overweight.space,premium,32.5,130,high,low,10,namecheap,,,18/08/2026 08:04
0b3f5d99-d839-433c-99f2-c6f1808090c5,demure.space,premium,162.5,650,high,low,6,namecheap,,,13/08/2026 04:10
10d5b595-5ff3-4c06-9da6-8a6a053f2ea1,fridia.space,available,,,high,high,6,,,,
a0661ddb-cf5d-410c-8e65-73ebfcbef69e,survivor.space,available,,,high,high,8,,,,
49919d41-31a3-437c-bbc1-2a0b587a5320,moneyworth.space,available,,,high,high,10,,,,
ca39f626-fd1c-4c11-9c04-5247703e029e,pocket.space,available,,,high,medium,6,,,,
97c51630-1eef-478a-ad51-c7b95042670f,amniotic.space,available,0.98,32.48,high,low,8,namecheap,,,
2b877807-0899-4541-96d0-b028bd3c8452,finale.space,premium,302.5,302.5,high,low,6,namesilo,,,23/09/2026 14:46
92f1bf94-e7fb-4460-b824-b59bfd40a33e,revising.space,available,,,high,high,8,,,,
eee68c4e-feac-4bf6-983c-b7d18fcb56d4,dataveillance.space,available,,,high,low,13,,,,
ef70dd2c-29a9-461e-b95e-5ba873ea2e47,lethal.space,premium,81.25,325,high,low,6,namecheap,,,23/08/2026 00:26
4565267e-e1a5-43dd-b655-7f10b1ac8ded,mauldin.space,premium,302.5,302.5,high,low,7,namesilo,,,23/09/2026 16:01
e1f45e41-179f-4d06-b9b1-20bac1b2529c,lacklustre.space,available,0.98,32.48,medium,low,10,namecheap,,,22/08/2026 18:09
33f2260d-e9a9-4ec8-ae2f-c21ceab99cd5,poignant.space,available,0.98,32.48,high,low,8,namecheap,,,
04f24a9d-b8b2-4e91-806c-173d2abc34c8,turkeys.space,available,,,high,low,7,,,,
d259dc00-e4f6-41cd-bf00-74ce6e955bf1,karabiner.space,available,,,high,high,9,,,,
bb76f676-b1d9-4969-9622-4ba1e4d8df10,wields.space,available,,,medium,low,6,,,,
a50d4a01-fbbf-42b6-8e0e-ff22f282eec3,paramedic.space,premium,162.5,650,high,low,9,namecheap,,,08/09/2026 00:59
658c999f-e891-4eaa-ad41-57a8ff4f3d25,emmanuel.space,premium,1107,1107,high,low,8,namesilo,,,27/09/2026 03:07
8f62176c-d36f-44c0-be6b-43cdabf2b59d,gilded.space,premium,81.25,325,high,low,6,namecheap,,,14/08/2026 00:55
b5bcac4f-770e-4ef6-9406-48063a5c085c,conscientiously.space,available,,,high,high,15,,,,
9e3a5ff9-e3be-4e8b-a4f5-d4a9c9b83b98,icy.space,premium,81.25,325,high,low,3,namecheap,,,18/08/2026 16:29
e1aa9344-2c5b-4736-beed-6fa72b49ec3c,landward.space,available,0.98,32.48,high,low,8,namecheap,,,15/09/2026 10:39
e3ef4105-afef-4fc3-9b60-9b0d3b8b7fa9,katey.space,available,,,high,high,5,,,,
1a797c41-7c29-4650-9f83-b4ff27d45518,provocatively.space,available,,,high,high,13,,,,
d3873f9e-2465-4790-a639-dace662dee95,brothers.space,premium,81.25,325,high,low,8,namecheap,,,
0d2c6029-6b81-48f5-9073-a8dfe6829dc4,loadcell.space,available,,,high,high,8,,,,
e9141192-ae6e-4d75-b493-9eb5beb7fbac,chinaperson.space,available,,,high,low,11,,,,
ea034fff-7413-4321-90f3-d34153e54cda,pucka.space,premium,81.25,325,high,low,5,namecheap,,,09/09/2026 05:26
bd740e24-9d17-4700-85ec-bf389825d417,seattle.space,premium,3500,14000,high,low,7,namecheap,,,
09491810-4af4-4700-8d76-6cb56cde3b19,amid.space,available,,,high,high,4,,,,
1adbc24a-394e-4fca-972e-4cdd050f5647,concussion.space,resell,,,high,low,10,"Sav.com, LLC - 45",17/08/2025 00:08,17/08/2027 23:59,26/09/2026 05:11
a26a6671-c4c7-4318-94c2-ffde6a31fc51,exhaling.space,available,,,high,high,8,,,,
92084a18-e9aa-4920-aa1c-befbe46272a7,accra.space,premium,81.25,325,high,low,5,namecheap,,,16/09/2026 23:13
6edf5fbc-cb75-440e-96d7-7ea83c3b9995,pumas.space,available,,,high,low,5,,,,
5bb1dc38-ed0b-4d17-b8f1-64324cc3aeec,nonspecific.space,available,,,high,high,11,,,,
9a7b9f64-a528-4bac-916a-e346162da722,windmilling.space,available,,,high,low,11,,,,
44ee3f7a-5feb-4472-aed4-0397eb301cb2,discursive.space,premium,162.5,650,high,low,10,namecheap,,,14/08/2026 06:00
a2e5f17f-9e43-4a76-8674-037c5085c99f,grapeshot.space,available,,,high,high,9,,,,
9d397a72-43a3-4fef-aa43-bc0af6dcc87c,luckily.space,premium,32.5,130,high,low,7,namecheap,,,13/09/2026 21:22
4cb3bac7-80c3-46ca-b879-6b11a5f0c8fc,medicinally.space,available,,,high,high,11,,,,
b9d005fd-19ce-4280-b27c-18f7c6df4767,gracias.space,premium,302.5,302.5,high,high,7,namesilo,,,27/09/2026 06:01
22693b11-ecc8-4b65-ab45-91b866e2506f,tilled.space,available,0.98,32.48,high,low,6,namecheap,,,11/09/2026 15:57
36966620-332c-4221-86c0-184e2bbc8559,alkyne.space,available,3.99,34.99,high,low,6,namesilo,,,17/09/2026 00:25
a0e2ee98-ddce-4615-8003-edb68087b4ad,armistice.space,premium,32.5,130,high,low,9,namecheap,,,20/09/2026 07:13
aede2c57-3f85-4fd8-aabc-69e2c0590432,factorials.space,available,,,medium,low,10,,,,
08d868d1-2bdc-4626-8979-408a57fa2831,bell.space,premium,350,1400,high,low,4,namecheap,,,
4eb8d7be-37fc-4a74-b1a4-a8f3b7c9a036,atrocious.space,available,3.99,34.99,medium,low,9,namesilo,,,22/09/2026 11:11
c8caa5d6-c18b-4867-a8fa-634c70213da9,caramel.space,premium,81.25,325,high,low,7,namecheap,,,11/08/2026 18:28
d0ea7bc9-bf1f-483f-b617-64e060b43c18,televise.space,available,,,high,high,8,,,,
df9e2e38-918d-4bd0-92fb-ebe9deb0a145,zirconium.space,premium,302.5,302.5,high,low,9,namesilo,,,20/09/2026 23:04
f5dbda4d-a59b-4564-a4e9-78775af532ef,maiden.space,premium,81.25,325,high,low,6,namecheap,,,22/08/2026 05:32
8edfd9e7-ee82-44e8-a84a-864c5cfe07d0,tealight.space,available,,,high,high,8,,,,
e0d2aab5-531a-4503-8c96-1bae608802d2,urucuri.space,available,,,high,high,7,,,,
2aa4bb22-0edf-4232-bd0d-c11571a047a6,sized.space,available,0.98,32.48,high,low,5,namecheap,,,10/09/2026 09:15
9946e49c-d236-472d-95cd-c3b9c10545d4,jolts.space,available,,,high,low,5,,,,
41bc6e30-3ba3-455c-b525-44c3aa0d05b1,fountainhall.space,available,,,high,high,12,,,,
100270a6-77ed-43ab-ad50-890bce8faf2d,dimed.space,available,,,high,low,5,,,,
945b2cf0-508e-4e5c-b1c2-05354715e0e7,fritters.space,available,,,high,low,8,,,,
e7930e79-9e23-4940-9a77-1298da7fd5e2,hilling.space,available,,,high,low,7,,,,
86c339d2-f9bd-49fb-a651-fa2f1725ebd8,reorganiser.space,available,,,high,high,11,,,,
4b68fee2-4fb7-4d5a-96d7-653a3c9a1e34,colonial.space,premium,325,1300,high,low,8,namecheap,,,12/08/2026 17:20
18163a7d-286a-43b8-a6f4-4ad753bbb8a6,noncontrolled.space,available,,,medium,low,14,,,,
225c6c28-4eeb-4523-8bf1-b7b23ccb3691,biscotti.space,available,,,high,low,8,,,,
6abf93a9-bda3-43d9-8656-3c89557f7087,pear.space,resell,,,high,high,4,Alibaba Cloud Computing Ltd. d/b/a HiChina (www.net.cn),23/09/2016 13:37,23/09/2028 23:59,26/09/2026 08:05
a65dcedc-3cba-4c92-8103-8240535520c5,glittery.space,premium,32.5,130,high,low,8,namecheap,,,
7c6ae8aa-d108-475a-8d88-9da1efbe2348,professed.space,available,,,high,high,9,,,,
f542bcc7-aebc-48d7-9310-0746f715b076,leaky.space,premium,81.25,325,high,low,5,namecheap,,,22/08/2026 22:01
c748410a-f305-4470-b25e-aa28b5070764,coulees.space,available,,,medium,low,7,,,,
73341161-739b-49c0-97cb-c9ee9668fb08,implore.space,available,,,high,high,7,,,,
2e68aae7-6329-4018-9ed6-4fd36d4b8bc5,restauranteur.space,available,,,high,high,13,,,,
d605690f-9428-4421-ae3f-18cf5b8eba8f,lapdogs.space,available,,,medium,low,7,,,,
996a38f7-8dfd-4462-b8e4-738600b20249,plunk.space,premium,81.25,325,high,low,5,namecheap,,,15/09/2026 20:41
c0451a02-c27f-43c2-b14c-0a317cbe4e00,gamekeeping.space,available,,,high,low,11,,,,
9e4515bd-9e29-41c2-962f-40999eed3382,dairy.space,premium,1107,1107,high,low,5,namesilo,,,26/09/2026 00:42
1f781759-c644-40c8-a008-19b1c3b08efd,paramaribo.space,available,,,high,high,10,,,,
232de799-e036-4f7b-890e-cf881094a9ae,pills.space,premium,640,640,high,low,5,namesilo,,,20/09/2026 04:26
dde47631-9cf9-475d-a890-63d3487326d7,rhomb.space,available,,,high,high,5,,,,
6d9fae4f-5bbb-409a-860d-8d0de87c2bf2,nonabscessed.space,available,,,medium,low,12,,,,
43dc6b54-a4ac-444c-aab2-c1eb1a37b2ea,tehran.space,premium,1107,1107,high,low,6,namesilo,,,25/09/2026 22:03
df182616-9dd6-4e90-ba91-e2779f7a0d9c,preaddressed.space,available,,,high,low,12,,,,
8010b406-9a40-44b2-bf16-a47959929862,filipina.space,premium,302.5,302.5,high,high,8,namesilo,,,27/09/2026 06:03
ff99401e-af69-4090-a7f3-c94f3ef7467a,hansom.space,available,,,high,high,6,,,,
f35f3a9b-24bf-43fc-8ca1-4259f1c02e6c,paxton.space,available,,,high,high,6,,,,
64a48c27-541a-48d5-ae2c-610bd0c9e932,nonpolar.space,available,0.98,32.48,high,low,8,namecheap,,,03/09/2026 20:17
907e7213-ea25-41cd-8b1c-cde9671fcdb2,mentioned.space,premium,35,140,high,low,9,namecheap,,,
8ed26469-ae4d-4d7a-b5c3-0732c7b50eb1,sand.space,premium,93.65,374.58,high,low,4,name.com,,,18/09/2026 15:40
53a81a7e-b5ad-44e9-98fe-83a79b13f710,rather.space,premium,87.5,350,high,low,6,namecheap,,,
3643b370-4b86-4011-9a28-013a79194d2d,multiplied.space,available,0.98,32.48,high,low,10,namecheap,,,03/09/2026 10:54
422d5655-c5bc-44d7-a7c9-c89e3b67748d,cellini.space,premium,302.5,302.5,high,low,7,namesilo,,,23/09/2026 08:47
b88d1336-77f9-4d65-9136-56d8008b0bc6,informers.space,available,0.98,32.48,medium,low,9,namecheap,,,21/09/2026 09:19
b439ab23-a00d-43b8-970b-b28edbfe937f,massa.space,premium,81.25,325,high,high,5,namecheap,,,27/09/2026 05:50
dc24a4fb-1965-4a2f-908a-9e8cfe8d4e1f,hennaed.space,available,,,high,high,7,,,,
b606262b-2977-4d92-bd96-a799716ed707,harem.space,available,,,high,high,5,,,,
d30bdd3c-bca8-4c6b-8e8c-f7dbf05a2491,animistic.space,available,0.98,32.48,high,low,9,namecheap,,,
f207e5d1-91a0-4b3e-a4a6-61133da27258,provisions.space,premium,162.5,650,high,low,10,namecheap,,,08/09/2026 08:15
ce78d52d-1773-4272-9fe7-702badf659b8,ringgit.space,available,,,high,high,7,,,,
5e36cd8b-d32c-4774-a705-c90782998e7a,vat.space,premium,1107,1107,high,low,3,namesilo,,,17/09/2026 05:53
dde629a5-7c03-4150-a550-bb9368731ef4,swooped.space,available,,,high,low,7,,,,
2eb06c05-ab3b-4f35-997f-edf7139b5571,blanched.space,available,0.98,32.48,medium,low,8,namecheap,,,07/08/2026 02:14
f8489d90-b8b9-43be-a36d-d77685fa1987,reachability.space,available,,,high,low,12,,,,
38a2bd3b-c32c-44ad-a736-751decbb9957,concow.space,available,,,high,high,6,,,,
2eb9f054-e15e-4ea5-9f69-e80045c45e81,brighten.space,premium,87.5,350,high,low,8,namecheap,,,
ca9d3e41-5030-42d8-a510-d6c394677662,macro.space,resell,,,high,low,5,"Sav.com, LLC",04/02/2018 08:25,04/02/2027 23:59,26/09/2026 07:22
de843202-836c-4675-8046-028f0f367938,muralist.space,available,,,high,high,8,,,,
91910fda-2a34-42a0-8de4-1bb41431753c,membered.space,available,0.98,32.48,high,low,8,namecheap,,,24/08/2026 19:49
fdecc057-e394-4ae0-9ef3-be5f0d1dbde0,teetotallers.space,available,,,medium,low,12,,,,
a11a8029-4126-4ed6-bdb9-3215aee73926,apothegm.space,available,3.99,34.99,high,low,8,namesilo,,,19/09/2026 17:10
2c256158-9774-4dec-9341-c98277446831,lhasa.space,premium,116,116,high,low,5,namesilo,,,24/09/2026 12:28
40a5bc0b-f62c-4a3e-96a8-120ad61b130c,smells.space,available,,,high,low,6,,,,
9b6e3c49-241c-4a5d-8f99-35c9032a1be4,leaver.space,available,,,high,high,6,,,,
c57fb12f-3972-45d5-b24f-0214ea23ffc0,inventing.space,available,,,high,medium,9,,,,
43efa6fd-1042-49f4-83ac-9bd238c87328,recognitional.space,available,,,high,high,13,,,,
6f210f03-651d-488a-ab09-893426e25143,billow.space,premium,302.5,302.5,high,low,6,namesilo,,,23/09/2026 16:34
4a234905-6134-4fc9-a1b5-014b62e70f18,oversee.space,premium,87.5,350,high,low,7,namecheap,,,
3a632d50-87eb-48bb-8bb9-82278cec8609,symbolically.space,available,,,high,high,12,,,,
2412816f-3103-45df-aa6c-70c2d9bdfaa4,pavements.space,available,,,high,high,9,,,,
635b11aa-af97-4702-877c-db3f624a69be,creeds.space,available,,,high,medium,6,,,,
e5b5bcd4-f604-470b-8964-abb02ee41bc1,sorediferous.space,available,,,high,high,12,,,,
38ecf2dc-9d12-41fc-83d7-ba5206737a1a,virtuosity.space,available,0.98,32.48,high,high,10,namecheap,,,25/09/2026 15:14
2cb32baf-5978-4975-b99b-456ae68c1699,polynomials.space,available,3.99,34.99,high,low,11,namesilo,,,27/09/2026 09:22
4ae77136-2055-4f61-99d7-bc0258ee23f7,installed.space,available,,,high,low,9,,,,
e673510b-8e5b-4059-93a6-d742e5b8c09b,mates.space,available,,,high,high,5,,,,
ed4ee60d-7f95-4016-a464-c3c695caaa5f,highlighter.space,available,,,high,high,11,,,,
3700e6c3-836c-4b24-ae66-260f0cb56211,gmc.space,available,,,high,high,3,,,,
13f451ce-8b29-4d26-a1ec-0c111baf4be2,alderman.space,premium,302.5,302.5,high,low,8,namesilo,,,18/09/2026 04:34
8fa0db33-b942-499b-b1ca-3bd630a67292,axleless.space,available,,,high,low,8,,,,
18b8785a-a90d-423c-bc58-ba78cf3d1eab,lukewarm.space,premium,81.25,325,high,low,8,namecheap,,,20/08/2026 22:43
25b06805-eb37-4806-a81b-4e30e3e34969,lactifuge.space,available,,,high,high,9,,,,
c75efaf6-1ac6-49b3-9ff1-1a57174991ea,marketplace.space,premium,350,1400,high,medium,11,namecheap,,,
aff38c15-6de9-4e4b-a2a2-340adac71437,feeler.space,premium,116,116,high,low,6,namesilo,,,22/09/2026 04:48
8d86f63f-90d9-4024-a07c-5437322a3cb3,pulpit.space,premium,116,116,high,low,6,namesilo,,,18/09/2026 17:14
185f5f23-f7c5-4c1d-8f93-497214c69ccc,reconfirmed.space,available,,,medium,low,11,,,,
dde716c6-4438-4c73-9959-f4482358d8eb,saluted.space,available,,,medium,low,7,,,,
84e31af2-d073-44aa-823d-a34855672776,adware.space,available,,,high,high,6,,,,
412f7d23-6eec-45fa-b383-95e9821c42af,multicolor.space,premium,32.5,130,high,low,10,namecheap,,,03/09/2026 10:35
4b9a5195-83a7-437b-859d-026c69dcc32d,bodied.space,premium,162.5,650,high,low,6,namecheap,,,10/08/2026 16:44
9e64deb8-8c52-428e-a9c6-e1763e9fc567,sabrina.space,available,,,high,high,7,,,,
ad81f6ab-2d7c-421e-8e1b-4957f3a31958,banjo.space,premium,1107,1107,high,low,5,namesilo,,,22/09/2026 02:11
b462e750-31bd-4ea9-a228-33837992c5fc,latching.space,available,,,high,high,8,,,,
c8342328-b1ee-401d-8f93-a7fe5b3099ed,grandfathers.space,available,3.99,34.99,high,low,12,namesilo,,,20/09/2026 22:52
08ce6429-590e-4d38-9598-93579488c242,queries.space,available,,,high,medium,7,,,,
7494f845-5abe-4b08-8e4a-b9064c86be14,stimulus.space,resell,,,high,low,8,West263 International Limited,06/06/2026 07:15,06/06/2027 07:15,26/09/2026 09:18
3514d7ed-0327-4a7c-8559-95c18eb79264,rale.space,premium,81.25,325,high,medium,4,namecheap,,,09/09/2026 10:37
84fdefdc-2ed7-41fd-b4d4-f172fdaae247,paraguayans.space,available,,,high,low,11,,,,
dabf6cc4-6507-4b44-8939-08594a811e6a,compactly.space,available,0.98,32.48,high,low,9,namecheap,,,14/09/2026 07:35
bc9252ae-0379-44dc-9741-f24f2a7ae310,westernized.space,available,,,high,high,11,,,,
cfddece1-b540-4cee-ba46-4c2e2c1fb8c7,throughcare.space,available,,,high,high,11,,,,
8ebe764c-4ccb-4211-b5fa-e0eef081eb93,inducement.space,available,,,high,high,10,,,,
0093be73-f827-4b4d-a6f8-91467c1b9578,despairing.space,available,0.98,32.48,high,low,10,namecheap,,,14/08/2026 03:56
331f7bc8-e89e-486f-957b-97aef43c5377,slimed.space,available,0.98,32.48,medium,low,6,namecheap,,,10/09/2026 10:57
d012c764-a246-4ffa-be2f-19f118acd5c0,agonist.space,premium,32.5,130,high,low,7,namecheap,,,17/09/2026 18:56
00e2f2f9-bed9-46fd-899e-4cf8736085b0,agreeing.space,available,0.98,32.48,high,high,8,namecheap,,,27/09/2026 05:09
8de6a991-7a10-4586-9577-7e48a0db3869,rueful.space,available,0.98,32.48,high,low,6,namecheap,,,12/08/2026 23:38
4698ee34-c0e1-4e46-b470-16ce60f63af0,disprove.space,available,,,high,medium,8,,,,
08d8a1e0-ce33-4602-96e9-dd14b9619828,astern.space,premium,32.5,130,high,low,6,namecheap,,,
8f44391d-2bf1-4467-9e90-40cb513f92be,leapt.space,available,,,high,high,5,,,,
e678e673-a9b0-4274-858b-65a99d8c5be8,entrants.space,available,,,high,low,8,,,,
0b090e9b-a682-42b9-ab2b-1cc7ed3ddce2,motivator.space,premium,32.5,130,high,high,9,namecheap,,,27/09/2026 05:59
2d44ffa2-8046-44ec-b03d-79b907d6d12d,sapiens.space,premium,162.5,650,high,low,7,namecheap,,,19/09/2026 15:49
603a7bad-bd40-4e9d-94f6-8af3110fd040,creamiest.space,available,,,medium,low,9,,,,
ecd71ab5-55d1-4f8a-9dbd-ecfbcb600ee2,balliol.space,available,,,high,high,7,,,,
5c9abd16-5baa-43ea-81ff-d7763d468934,streetlamp.space,available,,,high,high,10,,,,
3763c28c-270c-4566-a37d-23bd0b9a1fff,mastercraftsmen.space,available,,,medium,low,15,,,,
2e1e1ba0-1180-4706-8926-194e80d56532,genever.space,available,,,high,low,7,,,,
14c95521-ed56-4832-9036-510e0b00f163,absurd.space,premium,325,1300,high,low,6,namecheap,,,
70762255-528e-4dc7-a2ba-6f614258fe70,miniaturize.space,available,,,high,high,11,,,,
4e790586-d3d4-4044-875c-f7750cd04a9f,office.space,resell,,,high,medium,6,Namify Domains Inc,02/04/2019 14:05,02/04/2029 23:59,26/09/2026 07:52
12069a1c-8af0-4b4a-aa02-dc11e2e52d9d,silhouette.space,premium,162.5,650,high,high,10,namecheap,,,25/09/2026 14:02
8ac5b841-8337-496e-b9d8-f500b815ec6b,presentations.space,available,,,high,medium,13,,,,
00e15dc7-b0e0-49e1-b490-6c7e33773035,casebooks.space,available,,,medium,low,9,,,,
cb685194-deae-44f2-b5ff-c4f984ef1fb4,dud.space,premium,81.25,325,high,low,3,namecheap,,,14/08/2026 20:55
e45a0c2f-b66c-42cb-902a-8b9b8560f66d,mohammed.space,available,,,high,high,8,,,,
2aa78192-e00a-4e7f-8a10-8525c2beaeca,cushy.space,premium,81.25,325,high,low,5,namecheap,,,13/08/2026 11:58
4ad84304-e5f3-45e6-ab74-c85d173bab8e,calender.space,premium,875,3500,high,low,8,namecheap,,,
d51c4209-af23-4fb4-9fd4-1e02e742022d,shelley.space,available,,,high,high,7,,,,
64080d80-0224-4f54-8f92-ff3f9ab33df6,caroling.space,available,,,high,high,8,,,,
cdce92cc-3893-4dcb-b5ce-5a766344b6d5,contend.space,premium,35,140,high,low,7,namecheap,,,
4ae7fb01-66b9-4115-83ae-93a228d60822,affording.space,available,,,high,high,9,,,,
c95792bc-917f-4516-ab17-f6f7a7fe73d5,hobbits.space,available,,,high,low,7,,,,
f3117ee6-0d40-4a7e-8b5c-b3c125ba7180,articulationism.space,available,,,low,low,15,,,,
4f5a8dae-1be9-49d1-964e-d37f8a92156b,certified.space,resell,,,high,low,9,Dynadot Inc,06/02/2026 12:27,06/02/2027 23:59,26/09/2026 04:50
e6fda388-5556-4d05-892f-70c8ae977130,fanlike.space,premium,32.5,130,high,low,7,namecheap,,,17/08/2026 22:07
0286713f-86f1-4f0f-ae94-c304666778e5,conroe.space,available,,,high,high,6,,,,
be031982-8d18-4910-b6dd-8e6f0d037edb,expenditures.space,available,,,high,low,12,,,,
ea1e354a-b601-4335-89fd-3c3bc5ae8cfa,dyestuff.space,available,,,high,high,8,,,,
1e3e7ed8-ccbc-47b6-93a6-d07723b4cbdf,baccalaureat.space,available,,,high,high,12,,,,
18ed0177-3170-48a2-bac9-88ddfe35c1d1,invitingness.space,available,,,high,low,12,,,,
ee39d27d-84d7-4d7c-8536-e18b4603b810,weighty.space,premium,32.5,130,high,low,7,namecheap,,,12/08/2026 15:37
9155eaf5-0934-4e87-b8cd-dcaa7d8065de,concertino.space,available,,,high,low,10,,,,
dbf21417-3f26-4a5e-9375-835bd82b45e2,lightfulness.space,available,,,high,high,12,,,,
dc626736-1441-48cd-84b9-8b0c342ac571,rigil.space,premium,302.5,302.5,medium,low,5,namesilo,,,18/09/2026 13:35
d5ea5b74-a666-4751-9a26-cf846927d664,squawky.space,available,0.98,32.48,medium,low,7,namecheap,,,11/08/2026 12:26
65bf394a-e416-4cb4-9e70-e7896022ac97,summative.space,available,0.98,32.48,high,low,9,namecheap,,,11/09/2026 01:36
610a52de-95d8-425a-bddd-8979e384fd2e,acceptors.space,available,,,medium,low,9,,,,
03c82851-11fc-4a89-819f-081e9a3227f0,addressed.space,premium,81.25,325,high,low,9,namecheap,,,
37324e78-90a9-4caa-84fd-b98b6dd86446,congregational.space,available,3.99,34.99,high,low,14,namesilo,,,
6a0a6cd6-cd8c-4b0e-a584-06589ca246f0,flagrant.space,premium,32.5,130,high,low,8,namecheap,,,15/08/2026 19:50
26cba860-8453-4d43-8d70-81092df400da,quivering.space,available,0.98,32.48,high,low,9,namecheap,,,11/09/2026 19:15
55e65754-b870-4ac6-a291-c04a199aeec7,rugmaking.space,available,,,high,low,9,,,,
9ee886a9-e78d-4ff1-80c9-739b46debfce,doorway.space,available,,,high,high,7,,,,
37b1b9f3-22a9-4b3a-9562-a2accbfe2984,confession.space,premium,32.5,130,high,low,10,namecheap,,,
f59601f3-731e-46bc-afa1-385e4a2b2c0f,shopoholic.space,available,,,high,high,10,,,,
19e9d8ed-e437-4261-b065-3188ec3d3dc6,parathlete.space,available,,,high,high,10,,,,
47998ebf-eaad-4684-96b3-f0144627d0ef,polymers.space,available,,,high,medium,8,,,,
335ab3d0-da4d-4ac6-937e-88bf72a6d760,hashmark.space,available,,,high,high,8,,,,
765f0212-6ef3-47fc-8890-68efbe240bbb,incorruptible.space,available,,,high,high,13,,,,
6a1a29dc-d8ea-4970-8725-8a0a99178cfb,atwell.space,available,,,high,high,6,,,,
9ddd4904-d51a-4593-a868-3cad3fcc2f92,devonshire.space,available,,,high,high,10,,,,
dc02a3f9-5544-4ee3-b204-1c4491ed6574,desmid.space,available,,,high,high,6,,,,
ffef7923-6f15-4843-8a9c-1a3340f9143d,dicing.space,available,,,high,high,6,,,,
98e0efd6-4c18-41ed-9070-9cb815f12843,monomania.space,available,,,high,high,9,,,,
711c28fd-60d1-4238-b9a0-97e6def54fe7,organized.space,premium,3450,3450,high,low,9,namesilo,,,26/09/2026 00:25
459fc73a-f743-46e4-b0d3-e85bf605dfb1,titillate.space,available,,,high,high,9,,,,
9fd7b8af-bb7e-4a00-b461-6cff0f13f54d,streetlife.space,available,,,high,high,10,,,,
dd7c60d2-dab2-44a4-af1f-9d262720cca8,fatigued.space,available,0.98,32.48,medium,low,8,namecheap,,,14/08/2026 14:49
f7e013af-b35d-4d54-bd6b-311c69769e22,love.space,premium,3250,13000,high,medium,4,namecheap,,,22/09/2026 19:29
2d931bb4-e1e3-4469-bf9f-0697ec13043b,chp.space,available,,,high,medium,3,,,,
a73a990a-1eef-4d26-8705-fa8948eea0e8,reprioritize.space,available,,,high,high,12,,,,
52494efc-668d-43a6-82ff-2c2394caab0d,dreamgirls.space,available,,,high,medium,10,,,,
e4a6ec44-e24b-461e-89c6-3cfb0ec1c0c6,mizzenmast.space,available,,,high,high,10,,,,
5c0abf24-dcca-4e4d-878b-10e2910e5b9f,volcanicity.space,available,,,high,low,11,,,,
977dd7bd-5a4d-434b-bf86-077ee28f044b,spiritualist.space,available,,,high,high,12,,,,
08e9b157-c6eb-409a-a8d2-47a33a68552f,uranium.space,premium,116,116,high,low,7,namesilo,,,21/09/2026 00:11
7ed539f8-49c2-4d6a-b2fc-5766163b572b,transpire.space,available,3.99,34.99,high,high,9,namesilo,,,25/09/2026 14:55
aa9b53a1-07c0-480e-a100-9f59f2df6f7d,spam.space,available,,,high,low,4,,,,
bc65b5a4-ffbd-4ea2-9903-c8545d8df36b,himadri.space,available,,,medium,low,7,,,,
decbe33d-2d6c-412e-8111-06ac5874c6a1,accredited.space,premium,302.5,302.5,high,low,10,namesilo,,,21/09/2026 15:54
c5e144c4-076f-4d20-9a7f-fefbdb50a00c,wowsers.space,available,,,high,high,7,,,,
0d1ac8cb-8b71-45c7-81bb-35235259acfa,lender.space,premium,81.25,325,high,high,6,namecheap,,,
374e5b59-043e-4f6a-b908-d2bcd482c25d,kitties.space,available,,,high,low,7,,,,
6586c530-bea0-4397-8222-82fc213ab0f8,barbacoa.space,available,,,high,medium,8,,,,
5c2d965b-d2e3-4d7f-a1d2-639bea86efd7,renaissance.space,premium,3450,3450,high,high,11,namesilo,,,27/09/2026 05:58
4106c85f-0ca2-4927-ab6a-906bd00dcc06,wrote.space,premium,35,140,high,low,5,namecheap,,,
5f415c12-bbc5-46cd-ad46-43737460a3ef,cider.space,available,,,high,high,5,,,,
13e5db39-0fe4-41c6-bd4e-6fcb6bc5fa72,kfc.space,premium,162.5,650,high,low,3,namecheap,,,16/09/2026 23:46
4e8192fb-2360-421a-9d3e-bb736210da58,shadows.space,premium,302.5,302.5,high,low,7,namesilo,,,18/09/2026 03:26
95605334-4711-4499-90ba-16b48e81543b,aconitum.space,available,0.98,32.48,high,low,8,namecheap,,,17/09/2026 02:06
cd2af190-53f2-4d8b-9e17-d322fb439f0f,longanimity.space,available,,,high,low,11,,,,
4265c5d6-2cd6-4dc3-8374-3f1810f7b5a5,horary.space,premium,32.5,130,high,low,6,namecheap,,,21/08/2026 13:58
a2f58d98-4d97-4b20-bd8a-5b089de06236,ppv.space,available,,,high,high,3,,,,
9cc592a0-8caa-4a88-bed7-b38fe180742d,middens.space,available,,,medium,low,7,,,,
fd00782b-ba99-4649-a241-0c887ce50092,sphinx.space,available,,,high,high,6,,,,
d0f115bf-45f8-4baa-8206-bb56590eb7de,articulations.space,available,,,medium,low,13,,,,
7ff5f05f-81cb-4c8f-bcc5-a2b2cfa64028,letterlocking.space,available,,,high,high,13,,,,
3039b120-af85-44e9-af2a-a90397b9bd43,leaflets.space,available,,,high,low,8,,,,
061ec6c1-e90f-4995-90a0-07f5a875b388,heterosexual.space,available,,,high,high,12,,,,
4a72dab2-f609-40c8-ac87-f3b911be552e,lifetimes.space,available,,,high,medium,9,,,,
6a60d08c-0c1b-46fd-8c84-87d0ae53a2d4,kafkaesque.space,premium,32.5,130,medium,low,10,namecheap,,,22/08/2026 15:04
93e0885d-3178-4b7c-b825-762144766050,twister.space,available,,,high,high,7,,,,
bf5521f6-b0c0-4d44-9fb0-1717e3085599,smarts.space,premium,812.5,3250,high,low,6,namecheap,,,16/09/2026 18:16
7b65b980-52f6-4476-9175-4e93cfe4898f,parfait.space,available,,,high,high,7,,,,
d6c7866a-f60e-4b02-86ba-fe7c2606f24f,amenities.space,premium,32.5,130,high,low,9,namecheap,,,18/09/2026 18:52
7ded9c0c-f767-4ea5-8773-4183d61b7402,habitue.space,premium,32.5,130,high,medium,7,namecheap,,,09/09/2026 13:03
fbd24890-d693-400f-ada2-1d1b6ba5512c,suzy.space,available,,,high,high,4,,,,
2cb6f579-67a2-49f2-b99d-58469195efd2,hosting.space,resell,,,high,medium,7,Namify Domains Inc,02/04/2019 14:05,02/04/2029 23:59,26/09/2026 06:44
7bbb4922-c924-4bec-ab73-74739cefdd06,footer.space,premium,81.25,325,high,low,6,namecheap,,,08/09/2026 12:38
a0239101-2c6f-4bf7-8422-c741c78ac32b,ismailovska.space,available,,,medium,low,11,,,,
92601139-a703-4462-9685-715ec352821d,sacredness.space,available,,,high,high,10,,,,
9152cb97-952c-4dc1-be51-e1244860a295,cheered.space,available,,,high,low,7,,,,
84a65d23-1c17-4577-977a-459b3a3f709b,bonzer.space,premium,32.5,130,high,low,6,namecheap,,,10/08/2026 19:02
9ee339ef-6ad3-4b7f-b7b1-3b06249c008a,italicizing.space,available,,,medium,low,11,,,,
b5b1d4e0-aa59-43ca-9b32-41bc062fcd93,colwall.space,available,,,high,high,7,,,,
31109870-762f-4fe3-bfcd-51a8ababe8b7,develops.space,available,,,high,low,8,,,,
39eed386-2e32-4024-9a10-c7a6a7c03e02,cokes.space,available,,,high,high,5,,,,
bc59e45b-b700-4ba0-be59-b973f452c8bd,minor.space,premium,325,1300,high,low,5,namecheap,,,25/09/2026 20:28
9bb48b81-1a58-488b-a085-900f881b2c1a,vulvae.space,available,,,medium,low,6,,,,
a3ebd69b-1bba-446e-8747-3ce3abf7fd41,mercerise.space,available,,,high,high,9,,,,
11e62f8a-8bf2-4529-b052-94a688a678be,surveying.space,available,,,high,high,9,,,,
ee5f91d1-b9dd-4b15-94c2-d7af00d36b65,tellers.space,available,,,high,medium,7,,,,
bd8b11ef-e4da-4a25-8271-ea1739c2ff66,pegs.space,premium,302.5,302.5,medium,low,4,namesilo,,,20/09/2026 09:49
46ae3037-a2ad-4755-86ab-6615b0567a7e,shrimps.space,available,,,high,low,7,,,,
2ac908ac-2621-4b69-bfed-9f187eead21b,embodying.space,available,,,high,high,9,,,,
00170ce6-f33f-431b-8529-c74b6f73f9d5,resettlement.space,available,,,high,low,12,,,,
840600f9-25db-411c-b4ca-7fd2214a53a9,modernise.space,premium,116,116,high,high,9,namesilo,,,27/09/2026 06:25
89877b0e-18f8-4170-bfec-3ac19298bef5,mesmerized.space,premium,32.5,130,high,low,10,namecheap,,,17/08/2026 22:50
24f87835-50e2-49c5-bd95-8ec4df39d6f4,converting.space,available,,,high,high,10,,,,
8f2f59a5-3b5c-4ba6-8215-a2d5f6ec04d3,unfailing.space,available,0.98,32.48,high,low,9,namecheap,,,18/08/2026 10:39
95ac3df5-2043-4697-9380-bfe22e84b134,uncial.space,available,0.98,32.48,high,low,6,namecheap,,,12/09/2026 05:10
72213b7f-192e-4e5a-a2c9-96fed031296d,eolotropic.space,available,0.98,32.48,medium,low,10,namecheap,,,
8c630758-78c2-452e-baef-57e60f9f5727,saloonkeeping.space,available,,,medium,low,13,,,,
1fb61b0a-371c-459f-b68d-dfbafae62785,tramontana.space,premium,32.5,130,medium,low,10,namecheap,,,11/09/2026 18:50
0506f1dd-df30-47cb-8ea2-151b1004296b,anastrophe.space,available,0.98,32.48,medium,low,10,namecheap,,,19/09/2026 03:23
0121232c-a0d0-4ca6-87a0-3930df050da9,interior.space,premium,3250,13000,high,low,8,namecheap,,,25/09/2026 09:38
62455073-d9a5-4348-8188-bd9b74b50a0e,praguian.space,available,,,high,high,8,,,,
1115a485-f064-492f-8319-6e44a9ab7ddf,sobering.space,premium,81.25,325,high,medium,8,namecheap,,,10/09/2026 13:02
187cef42-41c0-447f-8218-5a8c7b7b1dc6,dakota.space,available,,,high,high,6,,,,
1e9566c5-1f94-4a28-9d5d-eb28cb7f9cf0,frankl.space,available,,,high,high,6,,,,
85e112fd-3b8d-46db-a0dc-0f1633e706a2,greed.space,premium,640,640,high,low,5,namesilo,,,21/09/2026 08:43
f448fbe6-9aaf-45a2-98a0-baae67fcf56b,garbled.space,premium,32.5,130,medium,low,7,namecheap,,,14/08/2026 11:20
a8b82aff-951b-4f8e-aa26-54c6aed658d1,tamarisk.space,available,,,high,high,8,,,,
9e7309f6-3678-4e75-95ef-500107a05671,unchallenged.space,available,,,high,high,12,,,,
8ecf20ec-1c74-4740-b659-38ce20e45194,heiduck.space,available,,,high,high,7,,,,
76af598f-d679-408e-b159-94acecf5a6ce,knowledgelike.space,available,,,high,high,13,,,,
a1358590-4969-41b8-a6fd-44f8c1e15fc7,shrimpboat.space,available,,,high,high,10,,,,
10887e97-2bfd-48f6-b6d4-788f029848dd,kwanzaa.space,available,,,high,high,7,,,,
62385caf-bc6d-452a-929a-6edeafacabb9,quarterback.space,premium,640,640,high,high,11,namesilo,,,27/09/2026 06:28
7a2c23b6-8527-43e1-8e03-df98aa9dfd95,comments.space,premium,640,640,high,low,8,namesilo,,,17/09/2026 01:39
8e1170f7-3733-4187-8bcc-0f9ed17f2f74,sulfite.space,available,,,high,high,7,,,,
0ef97c81-2d21-4bc8-a5f2-5a8ec7d4ecc2,robotized.space,available,,,high,high,9,,,,
d1eeef38-c5c7-4437-9774-caf421b8316e,cruella.space,available,,,high,high,7,,,,
72f52eac-5092-4ce9-84b2-3d2c07820b08,vertebrates.space,available,,,high,high,11,,,,
b3f4e445-103e-45a5-aa18-007e1cf51fed,manxness.space,available,,,high,low,8,,,,
2c9f8c76-f2fb-47f3-97fd-c3b85c6adb76,purses.space,premium,81.25,325,high,low,6,namecheap,,,20/09/2026 11:07
f47bc758-56ab-45f1-9dc8-8f9717b77282,pep.space,available,,,high,high,3,,,,
02c24b96-8fc1-4d7a-bd60-ba9f4cc1756a,szechwan.space,available,,,high,high,8,,,,
635d1127-fc39-4536-a83a-27133a9cd3cc,soupfin.space,available,,,high,high,7,,,,
3f6bfa37-70a2-4e33-82e9-155038a44366,raisin.space,available,,,high,high,6,,,,
419c506b-91ce-4c35-a45c-47de87a6ab32,hoard.space,premium,81.25,325,high,low,5,namecheap,,,12/08/2026 16:57
45f951f6-d7e9-44a9-8801-a43b5e452670,spending.space,premium,302.5,302.5,high,low,8,namesilo,,,27/09/2026 03:51
8b98e085-2b85-4570-8f1b-d4b714e81124,resentful.space,available,0.98,32.48,high,low,9,namecheap,,,09/09/2026 14:48
3469ac38-e83f-4fea-90ed-24a17cc76520,finessing.space,available,,,high,high,9,,,,
8d8a7d0a-c1cc-401e-b75d-202ab6afd34c,domination.space,premium,640,640,high,low,10,namesilo,,,24/09/2026 23:26
3a124371-f1d6-4580-bddf-78bb38fb83e7,solomons.space,available,,,high,high,8,,,,
b15a0958-f7d5-42db-b8d7-fd86c2a9f486,fades.space,available,,,high,medium,5,,,,
de73a9ac-8172-4bc5-a8b1-8cd84ab12f89,bolivian.space,premium,81.25,325,high,low,8,namecheap,,,10/08/2026 17:46
9f9c13ef-fc58-4f3a-8ada-eb03f59f149b,gagman.space,available,,,high,high,6,,,,
dc9955fe-7b46-4fcd-8a34-9d2c3f7f83b0,wtg.space,available,,,high,high,3,,,,
a0ff7acf-7c62-48d6-808f-01c4e0d6dea7,videosurgery.space,available,,,high,low,12,,,,
50eb5f4d-38a1-48d1-b3b6-3d7518c4fafe,pammela.space,available,,,high,high,7,,,,
5eb938d7-aba4-4de9-bc65-e159eda9971c,pecos.space,available,,,high,high,5,,,,
6f48506c-dd5f-4777-9bb1-265e88dd8355,skiing.space,available,,,high,high,6,,,,
08827724-e361-4411-842f-65ef6b85e7db,mag.space,available,,,high,high,3,,,,
2e753c76-de14-4828-a62b-92dd18ca2820,subcontracted.space,available,,,medium,low,13,,,,
3c3f72dd-de21-48f6-97d5-2f90d9798d34,heredity.space,available,,,high,high,8,,,,
216516ca-4deb-43aa-9bb2-54c6275e11e2,imminently.space,available,0.98,32.48,high,low,10,namecheap,,,15/09/2026 02:00
cba1efa1-699f-4018-a99d-e965be117489,microscopic.space,available,,,high,high,11,,,,
a0ab23df-c800-40a2-9ba0-89e26765ba09,miniboom.space,available,,,high,high,8,,,,
e5efaa81-dfca-4ff8-a1c1-88dae6648496,sorcerous.space,available,0.98,32.48,high,low,9,namecheap,,,24/08/2026 13:00
0eb0dc5b-4406-440d-b034-73855dbf55af,hoorah.space,available,,,high,high,6,,,,
df83bc5e-f846-4676-a140-88390361e6d4,lasso.space,available,,,high,high,5,,,,
026cdf90-6e16-40f4-922d-7e2ba58d9811,ultramarine.space,available,,,high,high,11,,,,
549de73d-2af8-4fc0-86d9-d0a968e2e65d,princesses.space,available,,,high,low,10,,,,
9ff1382d-f969-4d02-a70c-6c83670a5df5,dreamfully.space,available,0.98,32.48,high,low,10,namecheap,,,14/09/2026 14:19
e4b02b88-9945-4cf4-9914-4805383bdcd3,torte.space,available,,,high,high,5,,,,
dfd594ec-a54e-4288-974a-75e6bf32e834,birdbox.space,available,,,high,high,7,,,,
79eebcb2-31aa-46e8-92e2-ef2ffb4b384e,riemann.space,premium,302.5,302.5,high,low,7,namesilo,,,23/09/2026 09:54
dd78d4f4-b772-42b1-93d6-a29f2b7bd40e,additions.space,available,3.99,34.99,high,low,9,namesilo,,,18/09/2026 16:32
7ecadc73-ed8e-4761-8fb5-97e9968cce25,sixtyfourth.space,available,,,high,high,12,,,,
7d126ff3-d560-4dbd-8c0d-cec1f4c87e8e,teddy.space,premium,1107,1107,high,low,5,namesilo,,,24/09/2026 14:16
861a60ef-bbd2-428b-80d9-3c385a5bf62e,queenliness.space,available,,,high,low,11,,,,
b9225ccc-6e00-4ef4-a5d0-2e28706312d4,sunday.space,premium,350,1400,high,low,6,namecheap,,,
bc0c9b9b-cea5-4594-8070-703dc8112eeb,modifies.space,available,,,high,low,8,,,,
5697ea96-6e1d-4d60-9d00-1e2b0549b072,oscillating.space,available,,,high,high,11,,,,
78beed35-0759-4e86-b188-3fd5642045d6,boxwood.space,available,,,high,high,7,,,,
fa073779-a431-4746-8c72-e6217cad8602,bridal.space,premium,325,1300,high,low,6,namecheap,,,11/08/2026 03:53
934b9bfd-c813-40a0-be65-cad29e4c4532,transistorize.space,available,,,high,high,13,,,,
77634cd5-0a75-44c2-8bb0-eba34310d00f,plana.space,available,,,high,high,6,,,,
2ba9d06e-94c2-41e4-bf28-bcf45ba0f616,camphorate.space,available,,,high,high,10,,,,
e849f1bd-bc92-44c2-88c6-246f5e9b5b00,trapezius.space,available,,,high,high,9,,,,
d63aaff2-d2a6-49fb-84a5-71072a28932b,lessee.space,available,,,high,high,6,,,,
1a74969f-7aa3-42b3-a598-6bf693459d72,elyssa.space,available,,,high,high,6,,,,
9d40a965-21a7-4c3b-8d1d-51821907c969,depathologize.space,available,,,high,high,13,,,,
7ef74e7b-8f52-4234-bd71-9a66acbfb452,wielded.space,available,,,medium,low,7,,,,
d153bffa-4486-45b0-af74-31fbbe9c1692,gallic.space,premium,32.5,130,high,low,6,namecheap,,,18/08/2026 15:02
4661ba75-cfb9-43f9-9430-479b60aa25cb,nstp.space,available,,,high,high,4,,,,
85d93fbd-bd8d-404d-9a61-3a70f2cd9174,elector.space,available,,,high,high,7,,,,
aa64d151-e19a-4216-b161-3b663ed7f9a9,gershwin.space,available,,,high,high,8,,,,
0ca51179-b4e3-4546-b342-7d9b13fe6af8,larking.space,available,,,high,high,7,,,,
76b1ea6b-98ca-4183-bc25-e3d1d670e4cb,smoothingly.space,available,,,high,high,11,,,,
677e3eb4-d17d-4248-b849-f1b91d270cd1,ranitidine.space,available,,,high,high,10,,,,
ed1e07ef-f01c-419a-8503-2b47845dcdb8,scar.space,premium,640,640,high,low,4,namesilo,,,24/09/2026 15:00
5c9b02b6-d40d-41da-8413-e6476339cfd7,ascendable.space,available,0.98,32.48,high,low,10,namecheap,,,07/08/2026 00:35
bd0a8a4d-83dd-4895-a838-9a3359f55b50,sweeten.space,available,,,high,high,7,,,,
48e9849f-592b-45a1-ac1a-86ebda981357,never.space,premium,875,3500,high,low,5,namecheap,,,
c371094f-0d17-4467-9a17-eae998d1f402,congoland.space,available,,,high,high,9,,,,
85801202-28cf-48f5-beaa-22b11376e7cc,yews.space,available,,,high,low,4,,,,
b6acba5a-baf1-4779-bccb-d78a17785e36,suppressant.space,available,,,high,high,11,,,,
6afc9a73-a3a0-4dc9-9e5d-65ad20632be0,determinant.space,available,,,high,high,11,,,,
70d259eb-c037-472a-ba8d-f0960f831a33,ego.space,premium,812.5,3250,high,low,3,namecheap,,,
2eb5ba78-0905-49f4-b501-d7dff40eb956,javan.space,premium,81.25,325,high,low,5,namecheap,,,22/08/2026 12:30
b56af4cf-c6e2-4a6e-8df4-32910ba3025e,boj.space,available,,,high,high,3,,,,
9a0900de-48c2-46a8-a675-a07be0cd79fe,smallholding.space,available,,,high,high,12,,,,
6b671960-e1da-4621-a996-87359c9e32de,reproducible.space,premium,116,116,high,high,12,namesilo,,,27/09/2026 05:28
1e678410-1cd9-48ef-ab1b-ed5d2383ab39,newscaster.space,available,3.99,34.99,high,high,10,namesilo,,,27/09/2026 05:47
f2aefd18-2a50-4857-8153-9dd9b502e725,benign.space,premium,32.5,130,high,low,6,namecheap,,,09/08/2026 14:36
847a3e43-8dad-4ce4-b519-3cd893fcf6e2,husklike.space,available,,,high,high,8,,,,
239cfd5a-5842-47f1-a3b7-f4465164e3b6,arenaria.space,available,3.99,34.99,high,low,8,namesilo,,,20/09/2026 03:39
9db3d47c-d4a8-4abb-8a6a-095bd0053cf5,legless.space,available,0.98,32.48,high,low,7,namecheap,,,22/08/2026 23:13
e3309d32-d26d-4104-b95a-a8805a4722ae,legumes.space,available,,,high,low,7,,,,
66ca4b96-8456-4178-8bc5-b6e7b591b9c6,downward.space,premium,81.25,325,high,low,8,namecheap,,,14/08/2026 17:18
550339f3-886d-4565-921e-09edf4f83131,threadfin.space,available,,,high,high,9,,,,
575799c6-ba54-420f-9ff1-788ef7cfcb56,mencken.space,available,,,high,high,7,,,,
5f414aab-e068-490a-a810-f9632177c48b,offsides.space,premium,32.5,130,high,low,8,namecheap,,,04/09/2026 01:40
32e6750e-ae49-4885-b23f-74bf46a809e5,midwall.space,available,,,high,high,7,,,,
014f581d-8deb-461b-8658-44446bddfa32,lionheart.space,premium,1107,1107,high,high,9,namesilo,,,27/09/2026 05:59
8eb6d98f-2985-4c8a-b7ad-3d3b6894e6dd,visas.space,available,,,high,medium,5,,,,
33babf06-52f7-44f1-a6fa-14f09f38ff54,colombian.space,premium,325,1300,high,low,9,namecheap,,,12/08/2026 17:18
abb8aa83-75c9-42e0-8691-29e27209b2d7,yokel.space,available,0.98,32.48,high,low,5,namecheap,,,21/08/2026 08:01
4bc871e9-5f1c-406d-b9b6-3fbe35da2640,spokeswomen.space,available,,,medium,low,11,,,,
b0fe3894-3d08-478d-8cbd-400be16fb385,oyster.space,premium,350,1400,high,low,6,namecheap,,,
fe20faa4-b4ce-4347-a171-e0020a59d593,goodenough.space,premium,87.5,350,high,low,11,namecheap,,,
ef22cc45-6c76-4900-95b8-5ed69f62d7e7,mattress.space,premium,13800,13800,high,high,8,namesilo,,,27/09/2026 05:33
3ebc5408-a7f3-41b8-bcb9-ff4c9a0c36db,ototoxic.space,available,0.98,32.48,medium,low,8,namecheap,,,04/09/2026 18:36
1fc52966-39a6-413e-aca1-c810cebc47d1,princessness.space,available,,,high,high,12,,,,
d416e1d8-f3e2-4297-80af-5f640b80e834,auld.space,premium,81.25,325,high,low,4,namecheap,,,07/08/2026 17:21
d3cf0ee2-534d-4596-a829-45715e545306,ardennes.space,premium,116,116,high,low,8,namesilo,,,20/09/2026 03:09
5ab52761-503f-4aed-a4e8-07cff927668c,fqpa.space,available,,,high,high,4,,,,
48ec012c-f256-4a04-8353-6ad9cfcbafd3,inviolate.space,available,0.98,32.48,high,low,9,namecheap,,,22/08/2026 09:06
86140ece-4791-43af-b654-1cc4c99148fa,growing.space,premium,3450,3450,high,low,7,namesilo,,,19/09/2026 05:23
04bed5f6-e460-40ef-8745-e1acea473f65,direct.space,premium,1107,1107,high,medium,6,namesilo,,,24/09/2026 10:39
913c9ac5-00ab-49f7-b622-4fb6f19f530c,anaerobe.space,available,3.99,34.99,high,low,8,namesilo,,,19/09/2026 01:18
efdb15fa-d948-4591-a5c0-5c2b11f3a7b4,hardback.space,premium,32.5,130,high,low,8,namecheap,,,21/08/2026 00:40
f5c1ddeb-1014-4f04-834f-334c214abf28,friendless.space,available,0.98,32.48,medium,low,10,namecheap,,,18/08/2026 15:33
82e32905-2c31-4874-b558-a58a3e40b882,revolves.space,available,,,high,low,8,,,,
f64139ca-7f46-4a8a-bf91-228f40d3c072,bagboy.space,available,,,high,high,6,,,,
5a777ca7-fb9a-42f7-923e-9730c5bde998,oporto.space,available,,,high,high,6,,,,
89df7436-9bbc-4d21-b150-1f67511afd60,greensand.space,available,,,high,high,10,,,,
7f2fd7c9-604c-48ea-9dfe-cc900c155632,businessperson.space,available,,,high,high,14,,,,
bd4586f0-b961-4c65-a576-dcc874f5471b,swapping.space,available,,,high,high,8,,,,
3f32e397-6310-4503-a504-9d6d8e94989d,microgram.space,available,,,high,high,9,,,,
4d049d13-0769-48a0-9cb1-a4dc22b52d3c,affidavit.space,premium,35,140,high,low,9,namecheap,,,
acf054ab-b192-432f-a457-91eea2b42b62,tawny.space,premium,81.25,325,high,low,5,namecheap,,,11/09/2026 09:19
a0e09312-9dbe-4580-a6ed-c78188dc43d7,watching.space,premium,350,1400,high,low,8,namecheap,,,
6f2a610c-fa8c-4d26-9fc9-bc2222f5723e,principled.space,available,3.99,34.99,high,low,10,namesilo,,,27/09/2026 05:57
e09d9e03-8fa0-40e4-b0c4-a1aecdc171eb,linnean.space,premium,32.5,130,high,low,7,namecheap,,,23/08/2026 17:24
b018745b-fa8b-4878-8a9d-555a405f3c4e,beethoven.space,premium,3450,3450,high,low,9,namesilo,,,23/09/2026 01:53
a6af085a-6ce6-42f7-91d4-f94ec0dfa899,mohair.space,available,,,high,high,6,,,,
e9916dc7-90d2-418d-a0ff-01f29da7e8d6,visualizations.space,available,,,medium,low,14,,,,
6c04cd93-1bdf-4117-9fb8-9fdf5c92150e,republicanism.space,available,,,high,high,13,,,,
961839e0-6820-4a8b-ac68-fa58cdda3613,hms.space,available,,,high,medium,3,,,,
35e52b99-39e0-45da-ad75-cfb12ef4a59e,clostridium.space,available,,,high,low,11,,,,
a86bc343-c458-4e2a-99a8-207ee8ea46f9,metallic.space,premium,325,1300,high,low,8,namecheap,,,24/08/2026 21:34
5370dc4d-5dee-49e6-aafa-4f254206a97d,incubation.space,available,,,high,low,10,,,,
2e5ae818-1e68-4ac1-b7bb-08d9a0da31de,assimilate.space,available,,,high,high,10,,,,
58f13154-3e8e-477b-bb9d-1b2d62096d3c,temp.space,premium,1625,6500,high,low,4,namecheap,,,11/09/2026 11:02
61a2aa00-acfd-4c1f-95ad-3f8d5a384ed3,embryo.space,available,,,high,high,6,,,,
df44be9a-58ce-403c-afa2-865d84c7b9fc,grayhound.space,available,,,high,high,9,,,,
bf4035c1-9c1c-4296-bd41-1c21c17134ab,applicators.space,available,,,medium,low,11,,,,
3023184e-e5e2-49aa-a4ff-e8b21e658375,taxicab.space,available,,,high,high,7,,,,
4fcb94de-b81c-4b6c-bf68-b6f50062605a,scramblers.space,available,,,medium,low,10,,,,
5f23b119-5ccd-4efc-9cd7-d5e9f781ae29,rockbound.space,available,0.98,32.48,high,low,9,namecheap,,,09/09/2026 18:10
bc11bbe2-239b-490d-b1ed-4d3aaf234e38,clothiers.space,available,,,high,low,9,,,,
aea4700b-f1ae-4195-aa86-83fb95ee3390,engelsian.space,available,,,high,high,9,,,,
37254c87-757c-4d60-82bd-4869ebda83a0,stainthorpe.space,available,,,high,high,11,,,,
b37d0e3f-d111-4787-804f-6c81cca04305,hunk.space,available,,,high,high,4,,,,
da187c31-5bd3-4b6b-ae6d-a44c28ea54cb,snowblow.space,available,,,high,high,9,,,,
a5012b59-46cb-4186-9511-a594259baa7e,guidebook.space,premium,640,640,high,high,9,namesilo,,,27/09/2026 05:37
db543484-20c6-4c19-9268-2410e649443c,gun.space,premium,875,3500,high,low,3,namecheap,,,
4d06f71b-2714-41b5-85d8-86b29b79310e,keenly.space,premium,32.5,130,high,low,6,namecheap,,,15/09/2026 10:20
3d7538a5-b98b-4f62-8a58-1ce58e76fe1e,ink.space,premium,875,3500,high,medium,3,namecheap,,,
1e4dae72-7a46-4c9e-b371-35614cc9d997,emeai.space,available,,,high,high,5,,,,
46e19bde-080a-4796-96bc-a79b84dd53d9,tannin.space,available,,,high,high,6,,,,
afd7289a-915c-4ce0-bde3-a6fae0224b19,granta.space,available,,,high,high,6,,,,
6bb4d5b3-9286-475a-85c6-4f1e6ae3b000,gersum.space,available,,,high,high,6,,,,
338ac78f-4812-4095-a381-4a5249a06885,floodwaters.space,available,0.98,32.48,high,low,11,namecheap,,,21/09/2026 03:37
c85e2ca7-c08d-4139-898e-3a08a2c6f725,involutionary.space,available,,,high,low,13,,,,
820e9c63-2f66-45cb-bf1d-d3d9e3832661,manufacturable.space,available,,,high,high,14,,,,
bae2c970-be5c-4640-8312-9490ec9a2567,scattershot.space,available,,,high,high,11,,,,
2b88461d-5a04-4f80-8861-7aa4221bbacc,initialise.space,available,,,high,high,10,,,,
2c883164-b886-45e9-b46e-1291446deddb,unopened.space,premium,32.5,130,high,low,8,namecheap,,,12/09/2026 16:14
fd7b623e-ffac-4e1e-b59d-064bb2d5bb89,trimester.space,available,,,high,high,9,,,,
11de7def-258e-4815-bebb-91e05336de8f,rhizopoda.space,available,,,high,high,9,,,,
99e1ac24-af4a-4099-83c4-a2cd30c2041b,sameness.space,available,0.98,32.48,high,low,8,namecheap,,,21/08/2026 15:12
9a287fa2-5607-4430-a605-b3b163f0ff4b,landmines.space,available,,,high,low,9,,,,
3de942cd-bbc2-4ef7-b242-2c25b2104e7c,lightfoot.space,available,,,high,high,9,,,,
858f42d9-7b10-4280-8b2f-a35c9525258d,coordinative.space,available,,,high,high,12,,,,
c0048ce6-8daf-471a-9f50-3feb6562346c,cageball.space,available,,,high,high,8,,,,
8025a22e-be60-45ae-8564-d49023f425ee,piggybacking.space,available,,,high,low,12,,,,
e3556832-2347-43ff-ac59-ae40201ba9ac,unchair.space,available,,,high,high,7,,,,
73390f87-a321-47ed-95e3-ff42b477812e,jar.space,premium,175,700,high,low,3,namecheap,,,
e4a13101-2c82-445b-9285-b8ebbb104d65,customs.space,premium,6900,6900,high,low,7,namesilo,,,24/09/2026 20:42
7cffe485-dd50-4d1b-9ba9-bc50dc600f88,casteless.space,available,0.98,32.48,high,low,9,namecheap,,,11/08/2026 20:25
d8752902-0b21-4618-b1f1-18ddf405eae0,knockwurst.space,available,,,high,high,10,,,,
f0073bb2-113b-4ce0-8757-2f703a8912d1,kingdom.space,premium,350,1400,high,low,7,namecheap,,,
69abd74d-ab2b-42f6-85e4-19747ea2b288,consent.space,premium,325,1300,high,low,7,namecheap,,,08/09/2026 13:17
21ce12be-a68d-4161-a698-6c067594294d,hydrofoil.space,available,,,high,high,9,,,,
c2879e76-a7b5-4c29-9d38-1bd682af301c,hobart.space,premium,302.5,302.5,high,low,6,namesilo,,,25/09/2026 07:24
caf4cb49-6c4a-4609-be4a-b4997fec0643,flaxweed.space,available,,,high,low,8,,,,
7efc8ca9-1c98-4ef6-8dbd-eb55c78789f4,skipper.space,available,,,high,high,7,,,,
6ede2cc2-ca2e-4021-8767-68416fa8406e,pronounceable.space,available,,,high,high,13,,,,
4cfb672c-7cc8-4523-b1fe-9be10b4a3396,synchronic.space,premium,32.5,130,high,low,10,namecheap,,,11/09/2026 06:15
cc7e6c24-6265-4739-970a-d8fddb858352,audiovisuals.space,available,,,high,low,12,,,,
9d330129-2d79-4c14-a468-fc98e2d217d1,blok.space,premium,325,1300,high,low,4,namecheap,,,18/09/2026 05:01
254bad17-69dc-4390-a154-5d729dbea8ce,pentium.space,available,3.99,34.99,high,low,7,namesilo,,,
83f92d2c-0e96-47d9-a877-738e5a383360,anura.space,premium,32.5,130,high,low,5,namecheap,,,19/09/2026 15:53
f79ff41a-bc52-4ff6-8322-4f465c3aada6,reremouse.space,available,,,high,high,9,,,,
fa5fc1f2-5cbb-4352-a416-3572944ff67e,amine.space,premium,302.5,302.5,high,low,5,namesilo,,,18/09/2026 21:41
3843795a-d627-4847-90ab-076fdd0bfd63,equals.space,premium,302.5,302.5,high,low,6,namesilo,,,18/09/2026 22:09
1af93632-4321-452b-b244-62602b275097,chan.space,premium,1107,1107,high,low,4,namesilo,,,25/09/2026 11:12
83f62d2f-e56c-4d74-b639-fa7f5ee3d0aa,undubitably.space,available,,,high,high,11,,,,
e5b106da-e0d7-4aaf-b088-d0b11ac8faa3,steaklike.space,available,,,high,high,9,,,,
87d577ca-5761-4d0b-91d8-ad58743062fe,encouraging.space,available,,,high,low,11,,,,
fb2e58ed-79ad-4cf7-83be-109eae5b44ba,blisteringly.space,available,,,high,high,12,,,,
bb33bfef-f226-48f3-87c4-cfd52c79d27f,incessant.space,available,0.98,32.48,high,low,9,namecheap,,,11/08/2026 23:04
5dfecf92-818a-4d05-9464-e9722a6d58a6,cuteness.space,premium,302.5,302.5,high,low,8,namesilo,,,24/09/2026 20:43
9f8e823f-0ebe-4b2c-a5aa-40c12b011043,pollination.space,available,,,high,high,11,,,,
35ce7db9-bb7e-4334-bf42-444f7f225a78,okra.space,premium,302.5,302.5,high,low,4,namesilo,,,16/09/2026 15:04
4f1a4ce0-aeb3-4c14-b87c-a98e062b7d1c,leaner.space,available,,,high,high,6,,,,
d29b8389-e9d1-4eab-b728-00311a71c7ad,consulted.space,available,,,high,medium,9,,,,
92abf4f3-e04a-41c9-af9c-4682cf8fe1b6,yorkie.space,available,,,high,high,6,,,,
3f2e7c33-fbc1-4678-8fec-01cb1423b510,thicket.space,available,,,high,high,7,,,,
2cd69f47-10e3-4fc3-b6c1-c4ba76274b18,novruz.space,available,,,high,high,6,,,,
4dc3d49a-e307-49f5-b3c6-360a30c22c96,aniline.space,premium,116,116,high,low,7,namesilo,,,18/09/2026 21:45
fe440c24-9c6c-454f-8c9d-703fec4d67d3,groundless.space,available,,,medium,low,10,,,,
ab1a3698-7e43-4568-86ae-923850005b48,beecher.space,premium,302.5,302.5,high,low,7,namesilo,,,23/09/2026 00:12
bd659164-13ef-469f-845d-aa6c07a3eebf,volleyball.space,premium,875,3500,high,low,10,namecheap,,,
67bc5c84-00e7-456b-ac2f-d19c5dbb10d8,plainer.space,available,,,high,high,7,,,,
e52f2c9b-e77e-4d99-b35e-4439eac76aea,visualized.space,premium,116,116,high,low,10,namesilo,,,24/09/2026 14:20
8924a616-29c4-4552-8f42-bbae11075f78,readathon.space,available,,,high,high,9,,,,
5c1e9e2b-f043-494f-82f8-4ba68749ec24,beignets.space,available,,,medium,low,8,,,,
c3ab93e5-03ba-43b4-ad1d-a04a66b6f2f4,busted.space,premium,116,116,high,low,6,namesilo,,,23/09/2026 12:06
12d34ca9-5449-43e9-9a58-1724aea7c9ae,nearest.space,premium,3500,14000,high,low,7,namecheap,,,
d267c552-ef90-490b-a172-8f495fac8b61,basra.space,premium,302.5,302.5,high,low,5,namesilo,,,22/09/2026 10:33
2b1733db-c62d-4cdc-885f-d5b1fc634c18,idealized.space,available,0.98,32.48,high,low,9,namecheap,,,21/08/2026 17:58
39175068-9754-4ce0-937b-211ba98acd59,paraphrases.space,available,,,medium,low,11,,,,
3d21866d-d70d-474f-a660-2784104b82d0,corrupted.space,premium,116,116,high,low,9,namesilo,,,23/09/2026 23:59
e935a13c-582f-4736-827f-bad230974a80,dummy.space,premium,1107,1107,high,low,5,namesilo,,,24/09/2026 12:20
ec8088b3-4196-40cc-be78-1baccba3d266,desalination.space,premium,32.5,130,high,low,12,namecheap,,,
3f8d5fd4-8d7d-4632-8827-0ca05495407e,dvds.space,available,,,high,medium,4,,,,
7728e1a5-2f92-4bb4-84f1-4c79ca55cda6,contacted.space,available,,,high,medium,9,,,,
b77e8fa8-8676-48d4-8e43-acca838964dd,harmoniumist.space,available,,,high,high,12,,,,
5e8160e9-ef10-406a-a381-54c2670bab94,headstone.space,available,,,high,high,9,,,,
a7cd098c-ee26-4de5-a1a9-7f703f23f420,blare.space,premium,81.25,325,high,low,5,namecheap,,,10/08/2026 13:12
1be94b4e-3bd3-4981-ac53-7d1c0d7d0701,strategically.space,available,,,high,high,13,,,,
62310a98-20d0-4bad-9587-e6df9d3a4bf5,selecting.space,available,,,high,low,9,,,,
c7427c6a-4127-4e65-bc32-23bcafc063a0,fizz.space,premium,640,640,high,high,4,namesilo,,,27/09/2026 06:03
90e3db96-862d-47e5-95a8-52012ac2359f,basementward.space,available,,,medium,low,12,,,,
91b1668f-555f-4b8a-9814-0a2b4a751585,montserrat.space,available,,,high,high,10,,,,
b2111172-e1b9-4498-a40d-d47897aab542,jamie.space,premium,325,1300,high,low,5,namecheap,,,25/09/2026 17:50
0f3171ad-537a-4053-b94c-e53f4f0677b2,shortness.space,available,3.99,34.99,high,low,9,namesilo,,,16/09/2026 17:27
45a11527-eff7-4497-8bb4-64b14a3c494b,residue.space,premium,32.5,130,high,low,7,namecheap,,,09/09/2026 15:05
fe3653e0-5064-4ee6-9fd4-c098e281b0b1,readdress.space,available,,,high,high,10,,,,
fd4e149a-9054-4020-8e66-0f551c9a2ed3,trillionaire.space,available,3.99,34.99,high,low,12,namesilo,,,26/09/2026 09:46
0d0997f8-50bb-4a05-bc06-9d01eb3b7b5d,comfortably.space,premium,35,140,high,low,11,namecheap,,,
efeb1c5b-347f-4b76-8d94-b4998dfb9407,souldiour.space,available,,,high,high,9,,,,
1fbb89c9-91fc-4b3c-83c7-37d1c5be303e,stringently.space,available,,,high,high,11,,,,
3ccf2f33-993d-4d6d-9d50-4452a073a72d,telegraphs.space,available,,,medium,low,10,,,,
ceda85f3-431b-4fcb-85f8-2cfcb1c984da,adriatic.space,available,0.98,32.48,high,low,8,namecheap,,,17/09/2026 10:03
cec803cb-4df6-454a-8643-1e9678c3e32c,suppressed.space,available,0.98,32.48,high,medium,10,namecheap,,,10/09/2026 12:14
b9e3f326-166f-4d10-8d10-929ce95fe3ca,shiftwork.space,available,,,high,high,9,,,,
b2f38e92-3df2-49ab-952a-c83222921f0a,godmothers.space,available,,,high,low,10,,,,
42d68b2c-ebac-4ec0-9a66-54e5e6448a9b,billiards.space,premium,640,640,high,low,9,namesilo,,,23/09/2026 16:23
7b138b97-fac0-4323-ac4d-d9685d209642,spoof.space,premium,81.25,325,high,low,5,namecheap,,,23/09/2026 11:26
f95fa4ab-d46b-4095-afd9-d628b0f62e2c,intensely.space,premium,32.5,130,high,low,9,namecheap,,,15/09/2026 08:54
1b5e4013-bc51-42d4-b29e-f7b0f879d3ee,bowfin.space,premium,32.5,130,high,low,6,namecheap,,,18/09/2026 21:19
4b5d6be3-fc9e-4daa-ab20-2a94f0cf946e,interpol.space,available,,,high,high,8,,,,
2aaf3829-54b7-4417-bbb1-2e7bd0ec3e2a,designer.space,premium,3450,3450,high,low,8,namesilo,,,20/09/2026 02:12
a9c55d68-fc99-48dc-8acf-71256a57d7e5,intubate.space,available,,,high,high,8,,,,
45e69c57-3c7f-4415-91a2-f9ecf91e8bc9,computable.space,available,,,high,low,10,,,,
9898c12c-169f-4402-ba7d-38e598368cdc,teletubby.space,available,,,high,high,9,,,,
120a093a-e3f8-4bed-9787-998e2ba9eabf,carambola.space,premium,32.5,130,high,low,9,namecheap,,,21/09/2026 09:14
2eb0cc62-18df-40ed-bc92-90a03ca36d18,whs.space,available,,,high,high,3,,,,
3d2ecd64-5727-4e15-82a6-d2864470b8a6,gravel.space,premium,302.5,302.5,high,low,6,namesilo,,,21/09/2026 17:36
e0015687-09ec-4dd1-ad2b-7e263137ccf7,hatband.space,available,,,high,high,7,,,,
b7321c33-2af9-46e6-b471-5c9539cf18c7,zags.space,available,,,high,medium,4,,,,
330f8976-89cf-49a0-919c-0c19f1e2b9d6,snackie.space,available,,,high,high,7,,,,
6bf9baa4-9f79-445e-bebe-052f0b49c51b,superiors.space,available,,,high,low,9,,,,
a5c2e474-021a-4a00-9d5c-72a6ae95f331,outrebound.space,available,,,high,high,10,,,,
c36a68c8-f1f1-46c7-82fa-a3350e21a951,restive.space,premium,32.5,130,high,low,7,namecheap,,,15/08/2026 09:28
53422c00-1ffb-4176-bae1-fa5c3b1c4063,hippocratism.space,available,,,high,high,12,,,,
ea7a5a7e-5cfb-46bd-9e7f-92ab734b9a03,necklaces.space,available,,,high,low,9,,,,
be0e7299-22a7-4868-b2fa-b111ad05cbdf,homemaking.space,available,,,high,high,11,,,,
e3d16198-2862-4027-99e9-4a15e5ef04b8,yearnings.space,available,,,high,low,9,,,,
d6e1d94e-a360-4096-bfb0-ff785e60ac75,sometimes.space,premium,302.5,302.5,high,low,9,namesilo,,,16/09/2026 04:53
f73550d2-646d-4f59-abe1-d715f369d90b,fruitcake.space,premium,32.5,130,high,low,9,namecheap,,,10/09/2026 00:13
48daeaa3-28a6-43a3-a1ae-6d8624f3b8ac,goer.space,available,,,high,high,4,,,,
703a07e9-3661-4088-84d0-2fc58ab922d4,wynette.space,available,,,high,high,7,,,,
8287cb7a-2794-4ea0-8add-b9146f03574e,backstitch.space,available,3.99,34.99,high,low,10,namesilo,,,21/09/2026 16:04
1aec0bce-15ba-42c8-a850-6e29eb50412e,josephine.space,available,,,high,high,9,,,,
82cf380b-a186-46fb-b599-3ed91a36de80,downstream.space,premium,32.5,130,high,low,10,namecheap,,,14/08/2026 17:59
c3844436-72d7-4586-8ff5-6e81971cc1c6,agonizing.space,available,0.98,32.48,high,low,9,namecheap,,,
deb45217-de87-4446-b231-d6db65afc7b0,worse.space,premium,35,140,high,low,5,namecheap,,,
8d6acbc8-a1f6-4859-867a-dc787c9c47ae,ionosphere.space,available,,,high,high,10,,,,
e4960407-4c93-47ea-a4fe-ca5e2d36128a,ghanaianness.space,available,,,high,high,12,,,,
7739366d-26ee-4f9f-9013-678749ae8e58,mountainside.space,available,,,high,high,12,,,,
246d0ba9-1372-420b-a8d1-24306a612fed,protege.space,available,,,high,high,7,,,,
783f9530-8f45-42b6-956a-73fef6c23277,dnd.space,available,,,high,high,3,,,,
9f423130-279b-493f-975e-7eb5a9dadd11,twinhull.space,available,,,high,high,8,,,,
4aa10234-b028-415b-9bae-bc2acd50e008,courthouses.space,available,,,medium,low,11,,,,
43441798-0fa6-4e5e-bee3-4f42b3b64555,scorekeepers.space,available,,,medium,low,12,,,,
300a925e-0d4a-4e9d-a107-6314db26990c,aversion.space,available,3.99,34.99,high,low,8,namesilo,,,19/09/2026 14:54
b1e9296d-5dca-4003-8f65-bf90b0595d4f,colbyjack.space,available,,,high,low,10,,,,
f0b2482d-b891-41cf-ba87-2118e8df16bd,ordination.space,premium,32.5,130,high,high,10,namecheap,,,
d6e9f2ce-78f7-42e8-8d8c-a869ed46b00a,firetrucks.space,available,,,medium,low,10,,,,
f1b6b217-06c1-4452-8f66-df3deb3c1104,grizzled.space,available,0.98,32.48,high,low,8,namecheap,,,20/08/2026 20:11
d9a73eb0-228e-4acf-ae54-893fe334e5cf,abjudicated.space,available,,,medium,low,11,,,,
340a49d6-161e-4ad4-867e-06f529d82f97,dictionarylike.space,available,,,high,high,14,,,,
992498b9-d576-4bd3-b51a-b1f4437f4f56,bilge.space,premium,162.5,650,high,low,5,namecheap,,,23/09/2026 15:50
19fc5a7a-0fcd-4c3f-9191-807f88a1e44e,potpie.space,available,,,high,high,6,,,,
36af58b4-14b3-4e3d-bda9-59093da7c532,spenders.space,available,,,high,low,8,,,,
ab0f2b59-2ca5-4bde-b64b-7ce8a2f9aaf9,suomi.space,premium,162.5,650,high,low,5,namecheap,,,18/08/2026 05:05
497d8c14-d35d-42e7-b8c7-b72afcf7e2ce,spearfishing.space,available,,,high,high,12,,,,
2d36a861-f870-4a3b-b481-90025bc2561e,coulomb.space,available,3.99,34.99,high,low,7,namesilo,,,18/09/2026 23:08
d84c5ba6-2787-43a2-82d4-2b6755965ec5,novska.space,available,,,high,high,6,,,,
e20e21bf-1a4f-4eab-9e13-dcfff954232c,terrace.space,available,,,high,high,7,,,,
f1382fe9-0e96-4ae1-9a7a-88bb8c2d25c9,unhappy.space,premium,81.25,325,high,low,7,namecheap,,,24/09/2026 12:43
fbb66622-29c7-4295-a7f6-b2a43f5b6db7,gaseous.space,premium,32.5,130,high,low,7,namecheap,,,18/08/2026 20:25
7c792f8f-5a20-4200-b2b2-90010bbdb984,styx.space,available,,,high,high,4,,,,
24fd7d9a-89fd-497b-9ef8-a79266881891,gravithermal.space,available,,,medium,low,12,,,,
a560d983-e753-4130-b4ba-fe861f1d822b,lorry.space,premium,87.5,350,high,low,5,namecheap,,,
c838d29e-3596-45fd-abd0-1fb2450f5692,effacement.space,available,,,high,high,10,,,,
4d5afd97-c746-4639-8859-bb88808333f5,briss.space,available,3.99,34.99,medium,low,5,namesilo,,,23/09/2026 09:30
a4e5486f-4006-4741-8c1b-90795ad921eb,courtier.space,available,,,high,high,8,,,,
f92be575-f135-4697-baf9-be1073c452d2,periodically.space,available,,,high,low,12,,,,
84ad71ca-0b13-42c0-b62f-84db6bd84cf6,benedick.space,premium,302.5,302.5,high,low,8,namesilo,,,23/09/2026 07:51
e08b4334-49d0-4649-95eb-16c81a0d8418,headlines.space,available,,,high,low,9,,,,
760da218-07bc-41ff-9e18-b059e60227e0,twinemaking.space,available,,,high,low,11,,,,
c3f837cf-3ac3-4a17-b293-bc2c4eee9427,molal.space,available,0.98,32.48,high,low,5,namecheap,,,25/08/2026 03:31
4ff314eb-0401-4cb8-86fa-8862f9dcb0e8,clathrate.space,available,0.98,32.48,high,low,9,namecheap,,,11/08/2026 16:23
e180e4a6-dee5-42a2-b2ff-8876e32601bb,zarathustra.space,available,,,high,high,11,,,,
3ca422df-85a2-4904-87a0-eb7644d639ee,outclassed.space,available,0.98,32.48,high,low,10,namecheap,,,04/09/2026 19:12
9f582024-aeab-412d-87f5-eb4b730ef365,transmittance.space,available,,,high,low,13,,,,
c82f43e0-dd88-45d5-b651-e4a9494e7f82,devoting.space,available,3.99,34.99,high,low,8,namesilo,,,17/09/2026 17:04
cff39480-4f3d-4eac-88a1-96131526a994,cdrw.space,available,,,high,high,5,,,,
c37d484d-58a3-4e41-a8bb-003c2eff8ecf,evacuate.space,premium,35,140,high,low,8,namecheap,,,
029c32c4-c379-486d-af99-2e5797795a05,apology.space,premium,35,140,high,low,7,namecheap,,,
d0396c85-3696-483c-aafe-320cdd702b9b,luculent.space,premium,32.5,130,high,low,8,namecheap,,,24/08/2026 10:52
ffc61f66-894e-4cf0-b3d0-29a720173b8d,vestibular.space,available,0.98,32.48,high,low,10,namecheap,,,13/09/2026 04:52
f14a2e25-74c7-4d96-af89-6f8a8df688ce,behests.space,available,,,medium,low,7,,,,
2c5e7841-5338-4972-b028-79e2931195bd,eassessment.space,available,,,high,low,12,,,,
68e4ac3a-ada9-4d30-a01b-e4e5fee592ad,papoose.space,available,,,high,high,7,,,,
02cb3039-ddc2-42dd-b002-e7f1a81e9550,edwin.space,premium,162.5,650,high,low,5,namecheap,,,25/09/2026 05:17
593691a8-74b5-43de-9c1e-b069613d007c,passionately.space,available,3.99,34.99,high,low,12,namesilo,,,
b2f6a6a0-b5ef-43e1-910a-939c6e8b5710,emileigh.space,available,,,high,high,8,,,,
c522cd89-0e2e-458e-8605-e1350fe1e8c7,beachhead.space,premium,32.5,130,high,high,10,namecheap,,,22/09/2026 19:08
c46f74fc-2da8-440b-bb4e-0bd2c26359de,boundlessly.space,available,,,high,high,11,,,,
e3253d12-dc81-4720-9e35-0cfa51e77850,simcade.space,available,,,high,high,7,,,,
18bbe3f1-1b4c-4778-ae81-2428a07aee0e,directives.space,available,,,high,low,10,,,,
ac998cdf-4172-487b-ad74-7e5a7c83ff05,longshoremen.space,available,,,high,low,12,,,,
829434dc-11f8-49d0-8fc5-7160691f9480,maoist.space,premium,32.5,130,high,low,6,namecheap,,,24/08/2026 15:38
ddb3f20b-aacc-4f50-b371-ec5eb3a748bf,alkalic.space,premium,32.5,130,high,low,7,namecheap,,,
93070401-6d0f-4804-8209-05a236afd453,deadpanning.space,available,,,medium,low,11,,,,
cd5828c5-0ef9-41b0-bedb-f083e47d0e2a,allistaire.space,available,,,high,high,10,,,,
c0492e01-5d0b-41d4-bca2-e1bb725417e2,midoceanic.space,available,,,medium,low,11,,,,
1162c885-a5da-4c72-b29d-a6f0d75d0256,baldr.space,premium,32.5,130,high,low,5,namecheap,,,21/09/2026 21:35
6580544f-8957-4a3e-849b-a0c39a904778,cornerback.space,available,,,high,high,10,,,,
f4bc9ec3-6cbf-42c3-aa23-f468a3cee5de,efile.space,available,,,high,high,6,,,,
4f4be952-1d1c-494a-b90c-8076b163c96c,photoautotroph.space,available,,,high,high,14,,,,
82765547-8b18-40a4-952f-4120b2be123c,asparagine.space,available,3.99,34.99,high,low,10,namesilo,,,20/09/2026 14:39
4ad111e3-c439-482f-bd95-90d17b7447ac,auschwitz.space,premium,116,116,medium,low,9,namesilo,,,21/09/2026 04:35
85572261-1aef-4af8-b811-7a24128aeb7e,twelves.space,available,,,high,low,7,,,,
6378ddf9-7538-4113-ac7d-33f36b1224ab,soused.space,premium,32.5,130,medium,low,6,namecheap,,,09/08/2026 16:07
9d386669-0a7c-4bc7-aa4f-a8d0e53a3030,topology.space,premium,640,640,high,low,8,namesilo,,,19/09/2026 01:59
6563fbcc-1ea7-4471-9644-3c8d920cc8f1,solicitation.space,available,,,high,high,12,,,,